Nombre de la carta;Codigo;Rareza;Colección;Edición;Idioma;Estado;Juego;Precio;Cantidad;Disponibilidad;Foto
Elemental HERO Sparkman;STAS-EN001;Common;2-Player Starter Set;1st Edition;Ingles;;Yu-Gi-Oh;;;;https://tcgplayer-cdn.tcgplayer.com/product/533011_in_800x800.jpg
Inpachi;STAS-EN002;Common;2-Player Starter Set;1st Edition;Ingles;;Yu-Gi-Oh;;;;https://tcgplayer-cdn.tcgplayer.com/product/533012_in_800x800.jpg
Spirit of the Harp;STAS-EN003;Common;2-Player Starter Set;1st Edition;Ingles;;Yu-Gi-Oh;;;;https://tcgplayer-cdn.tcgplayer.com/product/533013_in_800x800.jpg
Launcher Spider;STAS-EN004;Common;2-Player Starter Set;1st Edition;Ingles;;Yu-Gi-Oh;;;;https://tcgplayer-cdn.tcgplayer.com/product/533014_in_800x800.jpg
Ryu-Ran;STAS-EN005;Common;2-Player Starter Set;1st Edition;Ingles;;Yu-Gi-Oh;;;;https://tcgplayer-cdn.tcgplayer.com/product/533015_in_800x800.jpg
Ojama Green;STAS-EN006;Common;2-Player Starter Set;1st Edition;Ingles;;Yu-Gi-Oh;;;;https://tcgplayer-cdn.tcgplayer.com/product/533016_in_800x800.jpg
Gil Garth;STAS-EN007;Common;2-Player Starter Set;1st Edition;Ingles;;Yu-Gi-Oh;;;;https://tcgplayer-cdn.tcgplayer.com/product/533017_in_800x800.jpg
Ally of Justice Clausolas;STAS-EN008;Common;2-Player Starter Set;1st Edition;Ingles;;Yu-Gi-Oh;;;;https://tcgplayer-cdn.tcgplayer.com/product/533018_in_800x800.jpg
Swords of Revealing Light;STAS-EN009;Common;2-Player Starter Set;1st Edition;Ingles;;Yu-Gi-Oh;;;;https://tcgplayer-cdn.tcgplayer.com/product/533019_in_800x800.jpg
Back-Up Rider;STAS-EN010;Common;2-Player Starter Set;1st Edition;Ingles;;Yu-Gi-Oh;;;;https://tcgplayer-cdn.tcgplayer.com/product/533020_in_800x800.jpg
Apprentice Piper;STAS-EN011;Common;2-Player Starter Set;1st Edition;Ingles;;Yu-Gi-Oh;;;;https://tcgplayer-cdn.tcgplayer.com/product/533021_in_800x800.jpg
Storming Mirror Force;STAS-EN012;Common;2-Player Starter Set;1st Edition;Ingles;;Yu-Gi-Oh;;;;https://tcgplayer-cdn.tcgplayer.com/product/533022_in_800x800.jpg
Scapegoat;STAS-EN013;Common;2-Player Starter Set;1st Edition;Ingles;;Yu-Gi-Oh;;;;https://tcgplayer-cdn.tcgplayer.com/product/533052_in_800x800.jpg
Cardcar D;STAS-EN014;Common;2-Player Starter Set;1st Edition;Ingles;;Yu-Gi-Oh;;;;https://tcgplayer-cdn.tcgplayer.com/product/533053_in_800x800.jpg
The Warrior Returning Alive;STAS-EN015;Common;2-Player Starter Set;1st Edition;Ingles;;Yu-Gi-Oh;;;;https://tcgplayer-cdn.tcgplayer.com/product/533054_in_800x800.jpg
One-Time Passcode;STAS-EN016;Common;2-Player Starter Set;1st Edition;Ingles;;Yu-Gi-Oh;;;;https://tcgplayer-cdn.tcgplayer.com/product/533055_in_800x800.jpg
D.D. Crow;STAS-EN017;Common;2-Player Starter Set;1st Edition;Ingles;;Yu-Gi-Oh;;;;https://tcgplayer-cdn.tcgplayer.com/product/533056_in_800x800.jpg
Obsessive Uvualoop;STAS-EN018;Common;2-Player Starter Set;1st Edition;Ingles;;Yu-Gi-Oh;;;;https://tcgplayer-cdn.tcgplayer.com/product/533057_in_800x800.jpg
Visas Starfrost;STAS-EN019;Common;2-Player Starter Set;1st Edition;Ingles;;Yu-Gi-Oh;;;;https://tcgplayer-cdn.tcgplayer.com/product/533058_in_800x800.jpg
Mannadium Fearless;STAS-EN020;Common;2-Player Starter Set;1st Edition;Ingles;;Yu-Gi-Oh;;;;https://tcgplayer-cdn.tcgplayer.com/product/533059_in_800x800.jpg
Barrier Resonator;STAS-EN021;Common;2-Player Starter Set;1st Edition;Ingles;;Yu-Gi-Oh;;;;https://tcgplayer-cdn.tcgplayer.com/product/533060_in_800x800.jpg
Fissure;STAS-EN022;Common;2-Player Starter Set;1st Edition;Ingles;;Yu-Gi-Oh;;;;https://tcgplayer-cdn.tcgplayer.com/product/533061_in_800x800.jpg
Mask of Darkness;STAS-EN023;Common;2-Player Starter Set;1st Edition;Ingles;;Yu-Gi-Oh;;;;https://tcgplayer-cdn.tcgplayer.com/product/533062_in_800x800.jpg
Dark Hole;STAS-EN024;Common;2-Player Starter Set;1st Edition;Ingles;;Yu-Gi-Oh;;;;https://tcgplayer-cdn.tcgplayer.com/product/533063_in_800x800.jpg
Kunai with Chain;STAS-EN025;Common;2-Player Starter Set;1st Edition;Ingles;;Yu-Gi-Oh;;;;https://tcgplayer-cdn.tcgplayer.com/product/533064_in_800x800.jpg
Mask of the Accursed;STAS-EN026;Common;2-Player Starter Set;1st Edition;Ingles;;Yu-Gi-Oh;;;;https://tcgplayer-cdn.tcgplayer.com/product/533065_in_800x800.jpg
Magic Cylinder;STAS-EN027;Common;2-Player Starter Set;1st Edition;Ingles;;Yu-Gi-Oh;;;;https://tcgplayer-cdn.tcgplayer.com/product/533066_in_800x800.jpg
Mage Power;STAS-EN028;Common;2-Player Starter Set;1st Edition;Ingles;;Yu-Gi-Oh;;;;https://tcgplayer-cdn.tcgplayer.com/product/533072_in_800x800.jpg
Mobius the Frost Monarch;STAS-EN029;Common;2-Player Starter Set;1st Edition;Ingles;;Yu-Gi-Oh;;;;https://tcgplayer-cdn.tcgplayer.com/product/533073_in_800x800.jpg
Card Trooper;STAS-EN030;Common;2-Player Starter Set;1st Edition;Ingles;;Yu-Gi-Oh;;;;https://tcgplayer-cdn.tcgplayer.com/product/533074_in_800x800.jpg
Quillbolt Hedgehog;STAS-EN031;Common;2-Player Starter Set;1st Edition;Ingles;;Yu-Gi-Oh;;;;https://tcgplayer-cdn.tcgplayer.com/product/533075_in_800x800.jpg
Dark Resonator;STAS-EN032;Common;2-Player Starter Set;1st Edition;Ingles;;Yu-Gi-Oh;;;;https://tcgplayer-cdn.tcgplayer.com/product/533076_in_800x800.jpg
Power Frame;STAS-EN033;Common;2-Player Starter Set;1st Edition;Ingles;;Yu-Gi-Oh;;;;https://tcgplayer-cdn.tcgplayer.com/product/533077_in_800x800.jpg
White Elephant's Gift;STAS-EN034;Common;2-Player Starter Set;1st Edition;Ingles;;Yu-Gi-Oh;;;;https://tcgplayer-cdn.tcgplayer.com/product/533078_in_800x800.jpg
Liberty at Last!;STAS-EN035;Common;2-Player Starter Set;1st Edition;Ingles;;Yu-Gi-Oh;;;;https://tcgplayer-cdn.tcgplayer.com/product/533079_in_800x800.jpg
Phantom King Hydride;STAS-EN036;Common;2-Player Starter Set;1st Edition;Ingles;;Yu-Gi-Oh;;;;https://tcgplayer-cdn.tcgplayer.com/product/533080_in_800x800.jpg
Supply Squad;STAS-EN037;Common;2-Player Starter Set;1st Edition;Ingles;;Yu-Gi-Oh;;;;https://tcgplayer-cdn.tcgplayer.com/product/533081_in_800x800.jpg
Galaxy Cyclone;STAS-EN038;Common;2-Player Starter Set;1st Edition;Ingles;;Yu-Gi-Oh;;;;https://tcgplayer-cdn.tcgplayer.com/product/533082_in_800x800.jpg
Mannadium Fearless;STAS-EN039;Common;2-Player Starter Set;1st Edition;Ingles;;Yu-Gi-Oh;;;;https://tcgplayer-cdn.tcgplayer.com/product/533083_in_800x800.jpg
Back to the Front;STAS-EN040;Common;2-Player Starter Set;1st Edition;Ingles;;Yu-Gi-Oh;;;;https://tcgplayer-cdn.tcgplayer.com/product/533084_in_800x800.jpg
Stygian Sergeants;STAS-EN041;Ultra Rare;2-Player Starter Set;1st Edition;Ingles;;Yu-Gi-Oh;;;;https://tcgplayer-cdn.tcgplayer.com/product/533085_in_800x800.jpg
Coral Dragon;STAS-EN042;Ultra Rare;2-Player Starter Set;1st Edition;Ingles;;Yu-Gi-Oh;;;;https://tcgplayer-cdn.tcgplayer.com/product/533086_in_800x800.jpg
Rampaging Smashtank Rhynosaber;STAS-EN043;Ultra Rare;2-Player Starter Set;1st Edition;Ingles;;Yu-Gi-Oh;;;;https://tcgplayer-cdn.tcgplayer.com/product/533087_in_800x800.jpg
Mannadium Prime-Heart;STAS-EN044;Ultra Rare;2-Player Starter Set;1st Edition;Ingles;;Yu-Gi-Oh;;;;https://tcgplayer-cdn.tcgplayer.com/product/533088_in_800x800.jpg
Queen's Knight;STAX-EN001;Common;2-Player Starter Set;1st Edition;Ingles;;Yu-Gi-Oh;;;;https://tcgplayer-cdn.tcgplayer.com/product/533093_in_800x800.jpg
Giant Soldier of Stone;STAX-EN002;Common;2-Player Starter Set;1st Edition;Ingles;;Yu-Gi-Oh;;;;https://tcgplayer-cdn.tcgplayer.com/product/533094_in_800x800.jpg
La Jinn the Mystical Genie of the Lamp;STAX-EN003;Common;2-Player Starter Set;1st Edition;Ingles;;Yu-Gi-Oh;;;;https://tcgplayer-cdn.tcgplayer.com/product/533095_in_800x800.jpg
Rabidragon;STAX-EN004;Common;2-Player Starter Set;1st Edition;Ingles;;Yu-Gi-Oh;;;;https://tcgplayer-cdn.tcgplayer.com/product/533096_in_800x800.jpg
Dark Magician;STAX-EN005;Common;2-Player Starter Set;1st Edition;Ingles;;Yu-Gi-Oh;;;;https://tcgplayer-cdn.tcgplayer.com/product/533097_in_800x800.jpg
Ojama Yellow;STAX-EN006;Common;2-Player Starter Set;1st Edition;Ingles;;Yu-Gi-Oh;;;;https://tcgplayer-cdn.tcgplayer.com/product/533098_in_800x800.jpg
Swordstalker;STAX-EN007;Common;2-Player Starter Set;1st Edition;Ingles;;Yu-Gi-Oh;;;;https://tcgplayer-cdn.tcgplayer.com/product/533099_in_800x800.jpg
Trade-In;STAX-EN008;Common;2-Player Starter Set;1st Edition;Ingles;;Yu-Gi-Oh;;;;https://tcgplayer-cdn.tcgplayer.com/product/533100_in_800x800.jpg
No Entry!!;STAX-EN009;Common;2-Player Starter Set;1st Edition;Ingles;;Yu-Gi-Oh;;;;https://tcgplayer-cdn.tcgplayer.com/product/533101_in_800x800.jpg
Draining Shield;STAX-EN010;Common;2-Player Starter Set;1st Edition;Ingles;;Yu-Gi-Oh;;;;https://tcgplayer-cdn.tcgplayer.com/product/533102_in_800x800.jpg
White Ninja;STAX-EN011;Common;2-Player Starter Set;1st Edition;Ingles;;Yu-Gi-Oh;;;;https://tcgplayer-cdn.tcgplayer.com/product/533103_in_800x800.jpg
Thousand Knives;STAX-EN012;Common;2-Player Starter Set;1st Edition;Ingles;;Yu-Gi-Oh;;;;https://tcgplayer-cdn.tcgplayer.com/product/533104_in_800x800.jpg
Cost Down;STAX-EN013;Common;2-Player Starter Set;1st Edition;Ingles;;Yu-Gi-Oh;;;;https://tcgplayer-cdn.tcgplayer.com/product/533105_in_800x800.jpg
Call of the Haunted;STAX-EN014;Common;2-Player Starter Set;1st Edition;Ingles;;Yu-Gi-Oh;;;;https://tcgplayer-cdn.tcgplayer.com/product/533106_in_800x800.jpg
Cyber Dragon;STAX-EN015;Common;2-Player Starter Set;1st Edition;Ingles;;Yu-Gi-Oh;;;;https://tcgplayer-cdn.tcgplayer.com/product/533107_in_800x800.jpg
Eldlich the Golden Lord;STAX-EN016;Common;2-Player Starter Set;1st Edition;Ingles;;Yu-Gi-Oh;;;;https://tcgplayer-cdn.tcgplayer.com/product/533108_in_800x800.jpg
Skill Successor;STAX-EN017;Common;2-Player Starter Set;1st Edition;Ingles;;Yu-Gi-Oh;;;;https://tcgplayer-cdn.tcgplayer.com/product/533109_in_800x800.jpg
Crane Crane;STAX-EN018;Common;2-Player Starter Set;1st Edition;Ingles;;Yu-Gi-Oh;;;;https://tcgplayer-cdn.tcgplayer.com/product/533110_in_800x800.jpg
Xyz Reborn;STAX-EN019;Common;2-Player Starter Set;1st Edition;Ingles;;Yu-Gi-Oh;;;;https://tcgplayer-cdn.tcgplayer.com/product/533111_in_800x800.jpg
Dark Magician Girl;STAX-EN020;Common;2-Player Starter Set;1st Edition;Ingles;;Yu-Gi-Oh;;;;https://tcgplayer-cdn.tcgplayer.com/product/533112_in_800x800.jpg
Chiron the Mage;STAX-EN021;Common;2-Player Starter Set;1st Edition;Ingles;;Yu-Gi-Oh;;;;https://tcgplayer-cdn.tcgplayer.com/product/533113_in_800x800.jpg
Magician of Faith;STAX-EN022;Common;2-Player Starter Set;1st Edition;Ingles;;Yu-Gi-Oh;;;;https://tcgplayer-cdn.tcgplayer.com/product/533114_in_800x800.jpg
Penguin Soldier;STAX-EN023;Common;2-Player Starter Set;1st Edition;Ingles;;Yu-Gi-Oh;;;;https://tcgplayer-cdn.tcgplayer.com/product/533115_in_800x800.jpg
Mystical Space Typhoon;STAX-EN024;Common;2-Player Starter Set;1st Edition;Ingles;;Yu-Gi-Oh;;;;https://tcgplayer-cdn.tcgplayer.com/product/533116_in_800x800.jpg
Book of Moon;STAX-EN025;Common;2-Player Starter Set;1st Edition;Ingles;;Yu-Gi-Oh;;;;https://tcgplayer-cdn.tcgplayer.com/product/533117_in_800x800.jpg
Needle Ceiling;STAX-EN026;Common;2-Player Starter Set;1st Edition;Ingles;;Yu-Gi-Oh;;;;https://tcgplayer-cdn.tcgplayer.com/product/533118_in_800x800.jpg
Gravity Axe - Grarl;STAX-EN027;Common;2-Player Starter Set;1st Edition;Ingles;;Yu-Gi-Oh;;;;https://tcgplayer-cdn.tcgplayer.com/product/533119_in_800x800.jpg
Dark Factory of Mass Production;STAX-EN028;Common;2-Player Starter Set;1st Edition;Ingles;;Yu-Gi-Oh;;;;https://tcgplayer-cdn.tcgplayer.com/product/533120_in_800x800.jpg
Gyroid;STAX-EN029;Common;2-Player Starter Set;1st Edition;Ingles;;Yu-Gi-Oh;;;;https://tcgplayer-cdn.tcgplayer.com/product/533121_in_800x800.jpg
Swing of Memories;STAX-EN030;Common;2-Player Starter Set;1st Edition;Ingles;;Yu-Gi-Oh;;;;https://tcgplayer-cdn.tcgplayer.com/product/533122_in_800x800.jpg
Beast King Barbaros;STAX-EN031;Common;2-Player Starter Set;1st Edition;Ingles;;Yu-Gi-Oh;;;;https://tcgplayer-cdn.tcgplayer.com/product/533126_in_800x800.jpg
Burden of the Mighty;STAX-EN032;Common;2-Player Starter Set;1st Edition;Ingles;;Yu-Gi-Oh;;;;https://tcgplayer-cdn.tcgplayer.com/product/533128_in_800x800.jpg
Fighting Spirit;STAX-EN033;Common;2-Player Starter Set;1st Edition;Ingles;;Yu-Gi-Oh;;;;https://tcgplayer-cdn.tcgplayer.com/product/533130_in_800x800.jpg
Gagaga Magician;STAX-EN034;Common;2-Player Starter Set;1st Edition;Ingles;;Yu-Gi-Oh;;;;https://tcgplayer-cdn.tcgplayer.com/product/533135_in_800x800.jpg
Star Changer;STAX-EN035;Common;2-Player Starter Set;1st Edition;Ingles;;Yu-Gi-Oh;;;;https://tcgplayer-cdn.tcgplayer.com/product/533139_in_800x800.jpg
Attraffic Control;STAX-EN036;Common;2-Player Starter Set;1st Edition;Ingles;;Yu-Gi-Oh;;;;https://tcgplayer-cdn.tcgplayer.com/product/533140_in_800x800.jpg
Night Beam;STAX-EN037;Common;2-Player Starter Set;1st Edition;Ingles;;Yu-Gi-Oh;;;;https://tcgplayer-cdn.tcgplayer.com/product/533142_in_800x800.jpg
Star Drawing;STAX-EN038;Common;2-Player Starter Set;1st Edition;Ingles;;Yu-Gi-Oh;;;;https://tcgplayer-cdn.tcgplayer.com/product/533145_in_800x800.jpg
Magical Broker;STAX-EN039;Common;2-Player Starter Set;1st Edition;Ingles;;Yu-Gi-Oh;;;;https://tcgplayer-cdn.tcgplayer.com/product/533149_in_800x800.jpg
Fierce Tiger Monghu;STAX-EN040;Common;2-Player Starter Set;1st Edition;Ingles;;Yu-Gi-Oh;;;;https://tcgplayer-cdn.tcgplayer.com/product/533151_in_800x800.jpg
Daigusto Emeral;STAX-EN041;Ultra Rare;2-Player Starter Set;1st Edition;Ingles;;Yu-Gi-Oh;;;;https://tcgplayer-cdn.tcgplayer.com/product/533155_in_800x800.jpg
Number 20: Giga-Brilliant;STAX-EN042;Ultra Rare;2-Player Starter Set;1st Edition;Ingles;;Yu-Gi-Oh;;;;https://tcgplayer-cdn.tcgplayer.com/product/533157_in_800x800.jpg
Castel, the Skyblaster Musketeer;STAX-EN043;Ultra Rare;2-Player Starter Set;1st Edition;Ingles;;Yu-Gi-Oh;;;;https://tcgplayer-cdn.tcgplayer.com/product/533159_in_800x800.jpg
Divine Arsenal AA-ZEUS - Sky Thunder;STAX-EN044;Ultra Rare;2-Player Starter Set;1st Edition;Ingles;;Yu-Gi-Oh;;;;https://tcgplayer-cdn.tcgplayer.com/product/533161_in_800x800.jpg
HÉROE Elemental Sparkman;STAS-SP001;Common;2-Player Starter Set;1st Edition;Español;;Yu-Gi-Oh;;;;https://tcgplayer-cdn.tcgplayer.com/product/533011_in_800x800.jpg
Inpachi;STAS-SP002;Common;2-Player Starter Set;1st Edition;Español;;Yu-Gi-Oh;;;;https://tcgplayer-cdn.tcgplayer.com/product/533012_in_800x800.jpg
Espíritu del Arpa;STAS-SP003;Common;2-Player Starter Set;1st Edition;Español;;Yu-Gi-Oh;;;;https://tcgplayer-cdn.tcgplayer.com/product/533013_in_800x800.jpg
Araña Lanzadora;STAS-SP004;Common;2-Player Starter Set;1st Edition;Español;;Yu-Gi-Oh;;;;https://tcgplayer-cdn.tcgplayer.com/product/533014_in_800x800.jpg
Ryu-Ran;STAS-SP005;Common;2-Player Starter Set;1st Edition;Español;;Yu-Gi-Oh;;;;https://tcgplayer-cdn.tcgplayer.com/product/533015_in_800x800.jpg
Ojama Verde;STAS-SP006;Common;2-Player Starter Set;1st Edition;Español;;Yu-Gi-Oh;;;;https://tcgplayer-cdn.tcgplayer.com/product/533016_in_800x800.jpg
Gil Garth;STAS-SP007;Common;2-Player Starter Set;1st Edition;Español;;Yu-Gi-Oh;;;;https://tcgplayer-cdn.tcgplayer.com/product/533017_in_800x800.jpg
Clausolas, Aliado de la Justicia;STAS-SP008;Common;2-Player Starter Set;1st Edition;Español;;Yu-Gi-Oh;;;;https://tcgplayer-cdn.tcgplayer.com/product/533018_in_800x800.jpg
Espadas de la Luz Reveladora;STAS-SP009;Common;2-Player Starter Set;1st Edition;Español;;Yu-Gi-Oh;;;;https://tcgplayer-cdn.tcgplayer.com/product/533019_in_800x800.jpg
Jinete de Refuerzo;STAS-SP010;Common;2-Player Starter Set;1st Edition;Español;;Yu-Gi-Oh;;;;https://tcgplayer-cdn.tcgplayer.com/product/533020_in_800x800.jpg
Aprendiz de Flautista;STAS-SP011;Common;2-Player Starter Set;1st Edition;Español;;Yu-Gi-Oh;;;;https://tcgplayer-cdn.tcgplayer.com/product/533021_in_800x800.jpg
Fuerza de Espejo Arrolladora;STAS-SP012;Common;2-Player Starter Set;1st Edition;Español;;Yu-Gi-Oh;;;;https://tcgplayer-cdn.tcgplayer.com/product/533022_in_800x800.jpg
Scapegoat;STAS-SP013;Common;2-Player Starter Set;1st Edition;Español;;Yu-Gi-Oh;;;;https://tcgplayer-cdn.tcgplayer.com/product/533052_in_800x800.jpg
Autocard D;STAS-SP014;Common;2-Player Starter Set;1st Edition;Español;;Yu-Gi-Oh;;;;https://tcgplayer-cdn.tcgplayer.com/product/533053_in_800x800.jpg
El Guerrero Volviendo Con Vida;STAS-SP015;Common;2-Player Starter Set;1st Edition;Español;;Yu-Gi-Oh;;;;https://tcgplayer-cdn.tcgplayer.com/product/533054_in_800x800.jpg
Código de Seguridad de Un Solo Uso;STAS-SP016;Common;2-Player Starter Set;1st Edition;Español;;Yu-Gi-Oh;;;;https://tcgplayer-cdn.tcgplayer.com/product/533055_in_800x800.jpg
D.D. Cuervo;STAS-SP017;Common;2-Player Starter Set;1st Edition;Español;;Yu-Gi-Oh;;;;https://tcgplayer-cdn.tcgplayer.com/product/533056_in_800x800.jpg
Uvalazo Obsesivo;STAS-SP018;Common;2-Player Starter Set;1st Edition;Español;;Yu-Gi-Oh;;;;https://tcgplayer-cdn.tcgplayer.com/product/533057_in_800x800.jpg
Visas Starfrost;STAS-SP019;Common;2-Player Starter Set;1st Edition;Español;;Yu-Gi-Oh;;;;https://tcgplayer-cdn.tcgplayer.com/product/533058_in_800x800.jpg
Mannadium Valiente;STAS-SP020;Common;2-Player Starter Set;1st Edition;Español;;Yu-Gi-Oh;;;;https://tcgplayer-cdn.tcgplayer.com/product/533059_in_800x800.jpg
Resonador de la Barrera;STAS-SP021;Common;2-Player Starter Set;1st Edition;Español;;Yu-Gi-Oh;;;;https://tcgplayer-cdn.tcgplayer.com/product/533060_in_800x800.jpg
Fisura;STAS-SP022;Common;2-Player Starter Set;1st Edition;Español;;Yu-Gi-Oh;;;;https://tcgplayer-cdn.tcgplayer.com/product/533061_in_800x800.jpg
Máscara de la Oscuridad;STAS-SP023;Common;2-Player Starter Set;1st Edition;Español;;Yu-Gi-Oh;;;;https://tcgplayer-cdn.tcgplayer.com/product/533062_in_800x800.jpg
Agujero Oscuro;STAS-SP024;Common;2-Player Starter Set;1st Edition;Español;;Yu-Gi-Oh;;;;https://tcgplayer-cdn.tcgplayer.com/product/533063_in_800x800.jpg
Kunai con Cadena;STAS-SP025;Common;2-Player Starter Set;1st Edition;Español;;Yu-Gi-Oh;;;;https://tcgplayer-cdn.tcgplayer.com/product/533064_in_800x800.jpg
Máscara de los Malditos;STAS-SP026;Common;2-Player Starter Set;1st Edition;Español;;Yu-Gi-Oh;;;;https://tcgplayer-cdn.tcgplayer.com/product/533065_in_800x800.jpg
Cilindro Mágico;STAS-SP027;Common;2-Player Starter Set;1st Edition;Español;;Yu-Gi-Oh;;;;https://tcgplayer-cdn.tcgplayer.com/product/533066_in_800x800.jpg
Poder del Mago;STAS-SP028;Common;2-Player Starter Set;1st Edition;Español;;Yu-Gi-Oh;;;;https://tcgplayer-cdn.tcgplayer.com/product/533072_in_800x800.jpg
Mobius, el Monarca de la Escarcha;STAS-SP029;Common;2-Player Starter Set;1st Edition;Español;;Yu-Gi-Oh;;;;https://tcgplayer-cdn.tcgplayer.com/product/533073_in_800x800.jpg
Soldado de la Carta;STAS-SP030;Common;2-Player Starter Set;1st Edition;Español;;Yu-Gi-Oh;;;;https://tcgplayer-cdn.tcgplayer.com/product/533074_in_800x800.jpg
Erizo Lanzapúas;STAS-SP031;Common;2-Player Starter Set;1st Edition;Español;;Yu-Gi-Oh;;;;https://tcgplayer-cdn.tcgplayer.com/product/533075_in_800x800.jpg
Resonador Oscuro;STAS-SP032;Common;2-Player Starter Set;1st Edition;Español;;Yu-Gi-Oh;;;;https://tcgplayer-cdn.tcgplayer.com/product/533076_in_800x800.jpg
Armazón de Poder;STAS-SP033;Common;2-Player Starter Set;1st Edition;Español;;Yu-Gi-Oh;;;;https://tcgplayer-cdn.tcgplayer.com/product/533077_in_800x800.jpg
Regalo Engañoso;STAS-SP034;Common;2-Player Starter Set;1st Edition;Español;;Yu-Gi-Oh;;;;https://tcgplayer-cdn.tcgplayer.com/product/533078_in_800x800.jpg
¡Libertad al fin!;STAS-SP035;Common;2-Player Starter Set;1st Edition;Español;;Yu-Gi-Oh;;;;https://tcgplayer-cdn.tcgplayer.com/product/533079_in_800x800.jpg
Rey Fantasma Hydride;STAS-SP036;Common;2-Player Starter Set;1st Edition;Español;;Yu-Gi-Oh;;;;https://tcgplayer-cdn.tcgplayer.com/product/533080_in_800x800.jpg
Escuadrón de Suministros;STAS-SP037;Common;2-Player Starter Set;1st Edition;Español;;Yu-Gi-Oh;;;;https://tcgplayer-cdn.tcgplayer.com/product/533081_in_800x800.jpg
Ciclón de la Galaxia;STAS-SP038;Common;2-Player Starter Set;1st Edition;Español;;Yu-Gi-Oh;;;;https://tcgplayer-cdn.tcgplayer.com/product/533082_in_800x800.jpg
Mannadium Valiente;STAS-SP039;Common;2-Player Starter Set;1st Edition;Español;;Yu-Gi-Oh;;;;https://tcgplayer-cdn.tcgplayer.com/product/533083_in_800x800.jpg
De Vuelta al Frente;STAS-SP040;Common;2-Player Starter Set;1st Edition;Español;;Yu-Gi-Oh;;;;https://tcgplayer-cdn.tcgplayer.com/product/533084_in_800x800.jpg
Sargentos Estigios;STAS-SP041;Ultra Rare;2-Player Starter Set;1st Edition;Español;;Yu-Gi-Oh;;;;https://tcgplayer-cdn.tcgplayer.com/product/533085_in_800x800.jpg
Dragón de Coral;STAS-SP042;Ultra Rare;2-Player Starter Set;1st Edition;Español;;Yu-Gi-Oh;;;;https://tcgplayer-cdn.tcgplayer.com/product/533086_in_800x800.jpg
Rinosable Aplastanque Arrasador;STAS-SP043;Ultra Rare;2-Player Starter Set;1st Edition;Español;;Yu-Gi-Oh;;;;https://tcgplayer-cdn.tcgplayer.com/product/533087_in_800x800.jpg
Mannadium Prime-Heart;STAS-SP044;Ultra Rare;2-Player Starter Set;1st Edition;Español;;Yu-Gi-Oh;;;;https://tcgplayer-cdn.tcgplayer.com/product/533088_in_800x800.jpg
Escolta de la Reina;STAX-SP001;Common;2-Player Starter Set;1st Edition;Español;;Yu-Gi-Oh;;;;https://tcgplayer-cdn.tcgplayer.com/product/533093_in_800x800.jpg
Soldado Gigante de Piedra;STAX-SP002;Common;2-Player Starter Set;1st Edition;Español;;Yu-Gi-Oh;;;;https://tcgplayer-cdn.tcgplayer.com/product/533094_in_800x800.jpg
La Jinn, el Genio Místico de la Lámpara;STAX-SP003;Common;2-Player Starter Set;1st Edition;Español;;Yu-Gi-Oh;;;;https://tcgplayer-cdn.tcgplayer.com/product/533095_in_800x800.jpg
Conedragón;STAX-SP004;Common;2-Player Starter Set;1st Edition;Español;;Yu-Gi-Oh;;;;https://tcgplayer-cdn.tcgplayer.com/product/533096_in_800x800.jpg
Mago Oscuro;STAX-SP005;Common;2-Player Starter Set;1st Edition;Español;;Yu-Gi-Oh;;;;https://tcgplayer-cdn.tcgplayer.com/product/533097_in_800x800.jpg
Ojama Amarillo;STAX-SP006;Common;2-Player Starter Set;1st Edition;Español;;Yu-Gi-Oh;;;;https://tcgplayer-cdn.tcgplayer.com/product/533098_in_800x800.jpg
Espadachín Vengador;STAX-SP007;Common;2-Player Starter Set;1st Edition;Español;;Yu-Gi-Oh;;;;https://tcgplayer-cdn.tcgplayer.com/product/533099_in_800x800.jpg
Canjear;STAX-SP008;Common;2-Player Starter Set;1st Edition;Español;;Yu-Gi-Oh;;;;https://tcgplayer-cdn.tcgplayer.com/product/533100_in_800x800.jpg
¡Prohibido el paso!;STAX-SP009;Common;2-Player Starter Set;1st Edition;Español;;Yu-Gi-Oh;;;;https://tcgplayer-cdn.tcgplayer.com/product/533101_in_800x800.jpg
Escudo Drenador;STAX-SP010;Common;2-Player Starter Set;1st Edition;Español;;Yu-Gi-Oh;;;;https://tcgplayer-cdn.tcgplayer.com/product/533102_in_800x800.jpg
Ninja Blanco;STAX-SP011;Common;2-Player Starter Set;1st Edition;Español;;Yu-Gi-Oh;;;;https://tcgplayer-cdn.tcgplayer.com/product/533103_in_800x800.jpg
Mil Cuchillos;STAX-SP012;Common;2-Player Starter Set;1st Edition;Español;;Yu-Gi-Oh;;;;https://tcgplayer-cdn.tcgplayer.com/product/533104_in_800x800.jpg
Coste Abajo;STAX-SP013;Common;2-Player Starter Set;1st Edition;Español;;Yu-Gi-Oh;;;;https://tcgplayer-cdn.tcgplayer.com/product/533105_in_800x800.jpg
Llamada de los Condenados;STAX-SP014;Common;2-Player Starter Set;1st Edition;Español;;Yu-Gi-Oh;;;;https://tcgplayer-cdn.tcgplayer.com/product/533106_in_800x800.jpg
Ciber Dragón;STAX-SP015;Common;2-Player Starter Set;1st Edition;Español;;Yu-Gi-Oh;;;;https://tcgplayer-cdn.tcgplayer.com/product/533107_in_800x800.jpg
Arcalich el Señor Dorado;STAX-SP016;Common;2-Player Starter Set;1st Edition;Español;;Yu-Gi-Oh;;;;https://tcgplayer-cdn.tcgplayer.com/product/533108_in_800x800.jpg
Sucesor en las Habilidades;STAX-SP017;Common;2-Player Starter Set;1st Edition;Español;;Yu-Gi-Oh;;;;https://tcgplayer-cdn.tcgplayer.com/product/533109_in_800x800.jpg
Grúa Grulla;STAX-SP018;Common;2-Player Starter Set;1st Edition;Español;;Yu-Gi-Oh;;;;https://tcgplayer-cdn.tcgplayer.com/product/533110_in_800x800.jpg
Xyz Renacido;STAX-SP019;Common;2-Player Starter Set;1st Edition;Español;;Yu-Gi-Oh;;;;https://tcgplayer-cdn.tcgplayer.com/product/533111_in_800x800.jpg
Chica Maga Oscura;STAX-SP020;Common;2-Player Starter Set;1st Edition;Español;;Yu-Gi-Oh;;;;https://tcgplayer-cdn.tcgplayer.com/product/533112_in_800x800.jpg
Chiron el Mago;STAX-SP021;Common;2-Player Starter Set;1st Edition;Español;;Yu-Gi-Oh;;;;https://tcgplayer-cdn.tcgplayer.com/product/533113_in_800x800.jpg
Mago de la Fe;STAX-SP022;Common;2-Player Starter Set;1st Edition;Español;;Yu-Gi-Oh;;;;https://tcgplayer-cdn.tcgplayer.com/product/533114_in_800x800.jpg
Soldado Pingüino;STAX-SP023;Common;2-Player Starter Set;1st Edition;Español;;Yu-Gi-Oh;;;;https://tcgplayer-cdn.tcgplayer.com/product/533115_in_800x800.jpg
Tifón del Espacio Místico;STAX-SP024;Common;2-Player Starter Set;1st Edition;Español;;Yu-Gi-Oh;;;;https://tcgplayer-cdn.tcgplayer.com/product/533116_in_800x800.jpg
Libro de la Luna;STAX-SP025;Common;2-Player Starter Set;1st Edition;Español;;Yu-Gi-Oh;;;;https://tcgplayer-cdn.tcgplayer.com/product/533117_in_800x800.jpg
Techo de Agujas;STAX-SP026;Common;2-Player Starter Set;1st Edition;Español;;Yu-Gi-Oh;;;;https://tcgplayer-cdn.tcgplayer.com/product/533118_in_800x800.jpg
Hacha de Gravedad - Grarl;STAX-SP027;Common;2-Player Starter Set;1st Edition;Español;;Yu-Gi-Oh;;;;https://tcgplayer-cdn.tcgplayer.com/product/533119_in_800x800.jpg
Factoría Oscura de Producción Masiva;STAX-SP028;Common;2-Player Starter Set;1st Edition;Español;;Yu-Gi-Oh;;;;https://tcgplayer-cdn.tcgplayer.com/product/533120_in_800x800.jpg
Gyroid;STAX-SP029;Common;2-Player Starter Set;1st Edition;Español;;Yu-Gi-Oh;;;;https://tcgplayer-cdn.tcgplayer.com/product/533121_in_800x800.jpg
Columpio de los Recuerdos;STAX-SP030;Common;2-Player Starter Set;1st Edition;Español;;Yu-Gi-Oh;;;;https://tcgplayer-cdn.tcgplayer.com/product/533122_in_800x800.jpg
Rey Bestia Barbaros;STAX-SP031;Common;2-Player Starter Set;1st Edition;Español;;Yu-Gi-Oh;;;;https://tcgplayer-cdn.tcgplayer.com/product/533126_in_800x800.jpg
Carga del Poderoso;STAX-SP032;Common;2-Player Starter Set;1st Edition;Español;;Yu-Gi-Oh;;;;https://tcgplayer-cdn.tcgplayer.com/product/533128_in_800x800.jpg
Espíritu de Pelea;STAX-SP033;Common;2-Player Starter Set;1st Edition;Español;;Yu-Gi-Oh;;;;https://tcgplayer-cdn.tcgplayer.com/product/533130_in_800x800.jpg
Mago Gagaga;STAX-SP034;Common;2-Player Starter Set;1st Edition;Español;;Yu-Gi-Oh;;;;https://tcgplayer-cdn.tcgplayer.com/product/533135_in_800x800.jpg
Cambiador de Estrellas;STAX-SP035;Common;2-Player Starter Set;1st Edition;Español;;Yu-Gi-Oh;;;;https://tcgplayer-cdn.tcgplayer.com/product/533139_in_800x800.jpg
Control de Ataque;STAX-SP036;Common;2-Player Starter Set;1st Edition;Español;;Yu-Gi-Oh;;;;https://tcgplayer-cdn.tcgplayer.com/product/533140_in_800x800.jpg
Rayo Nocturno;STAX-SP037;Common;2-Player Starter Set;1st Edition;Español;;Yu-Gi-Oh;;;;https://tcgplayer-cdn.tcgplayer.com/product/533142_in_800x800.jpg
Dibujadora de Estrellas;STAX-SP038;Common;2-Player Starter Set;1st Edition;Español;;Yu-Gi-Oh;;;;https://tcgplayer-cdn.tcgplayer.com/product/533145_in_800x800.jpg
Bróker Mágico;STAX-SP039;Common;2-Player Starter Set;1st Edition;Español;;Yu-Gi-Oh;;;;https://tcgplayer-cdn.tcgplayer.com/product/533149_in_800x800.jpg
Feroz Tigre Monghu;STAX-SP040;Common;2-Player Starter Set;1st Edition;Español;;Yu-Gi-Oh;;;;https://tcgplayer-cdn.tcgplayer.com/product/533151_in_800x800.jpg
Daigusto Emeral;STAX-SP041;Ultra Rare;2-Player Starter Set;1st Edition;Español;;Yu-Gi-Oh;;;;https://tcgplayer-cdn.tcgplayer.com/product/533155_in_800x800.jpg
Número 20: Giga Brillante;STAX-SP042;Ultra Rare;2-Player Starter Set;1st Edition;Español;;Yu-Gi-Oh;;;;https://tcgplayer-cdn.tcgplayer.com/product/533157_in_800x800.jpg
Castel, el Cañonero Mosquetero;STAX-SP043;Ultra Rare;2-Player Starter Set;1st Edition;Español;;Yu-Gi-Oh;;;;https://tcgplayer-cdn.tcgplayer.com/product/533159_in_800x800.jpg
Divino Arsenal AA-ZEUS - Trueno del Cielo;STAX-SP044;Ultra Rare;2-Player Starter Set;1st Edition;Español;;Yu-Gi-Oh;;;;https://tcgplayer-cdn.tcgplayer.com/product/533161_in_800x800.jpg
Dark Magician;BPT-001;Secret Rare;2002 Collectors Tin ;Limited;Ingles;;Yu-Gi-Oh;;;;https://tcgplayer-cdn.tcgplayer.com/product/22794_in_800x800.jpg
Summoned Skull;BPT-002;Secret Rare;2002 Collectors Tin ;Limited;Ingles;;Yu-Gi-Oh;;;;https://tcgplayer-cdn.tcgplayer.com/product/22795_in_800x800.jpg
Blue-Eyes White Dragon;BPT-003;Secret Rare;2002 Collectors Tin ;Limited;Ingles;;Yu-Gi-Oh;;;;https://tcgplayer-cdn.tcgplayer.com/product/22796_in_800x800.jpg
Lord of D.;BPT-004;Secret Rare;2002 Collectors Tin ;Limited;Ingles;;Yu-Gi-Oh;;;;https://tcgplayer-cdn.tcgplayer.com/product/22797_in_800x800.jpg
"Red-Eyes Black Dragon (as ""Red-Eyes B. Dragon"")";BPT-005;Secret Rare;2002 Collectors Tin ;Limited;Ingles;;Yu-Gi-Oh;;;;https://tcgplayer-cdn.tcgplayer.com/product/22798_in_800x800.jpg
"Black Skull Dragon (as ""B. Skull Dragon"")";BPT-006;Secret Rare;2002 Collectors Tin ;Limited;Ingles;;Yu-Gi-Oh;;;;https://tcgplayer-cdn.tcgplayer.com/product/22799_in_800x800.jpg
Dark Magician;BPT-007;Secret Rare;2003 Collectors Tin;Unlimited;Ingles;;Yu-Gi-Oh;;;;https://tcgplayer-cdn.tcgplayer.com/product/22800_in_800x800.jpg
Buster Blader;BPT-008;Secret Rare;2003 Collectors Tin;Unlimited;Ingles;;Yu-Gi-Oh;;;;https://tcgplayer-cdn.tcgplayer.com/product/22801_in_800x800.jpg
Blue-Eyes White Dragon;BPT-009;Secret Rare;2003 Collectors Tin;Unlimited;Ingles;;Yu-Gi-Oh;;;;https://tcgplayer-cdn.tcgplayer.com/product/22802_in_800x800.jpg
Blue-Eyes White Dragon;BPT-009;Secret Rare;2004 Collectors Tin;Limited;Ingles;;Yu-Gi-Oh;;;;https://tcgplayer-cdn.tcgplayer.com/product/22802_in_800x800.jpg
XYZ-Dragon Cannon;BPT-010;Secret Rare;2003 Collectors Tin;Unlimited;Ingles;;Yu-Gi-Oh;;;;https://tcgplayer-cdn.tcgplayer.com/product/22803_in_800x800.jpg
Jinzo;BPT-011;Secret Rare;2003 Collectors Tin;Unlimited;Ingles;;Yu-Gi-Oh;;;;https://tcgplayer-cdn.tcgplayer.com/product/22804_in_800x800.jpg
Gearfried the Iron Knight;BPT-012;Secret Rare;2003 Collectors Tin;Unlimited;Ingles;;Yu-Gi-Oh;;;;https://tcgplayer-cdn.tcgplayer.com/product/22805_in_800x800.jpg
Kamisama;BM1-016;Super Rare;Big Bang Mission 1 ;3 Estrellas;Japonés;Slightly Played (SP);Super Dragon Ball HEROES;1.5;1;VERDADERO;https://i.ebayimg.com/images/g/VcMAAOSwlaFmGeqD/s-l1600.webp
Piccolo;BM1-017;Super Rare;Big Bang Mission 1 ;3 Estrellas;Japonés;Slightly Played (SP);Super Dragon Ball HEROES;1.5;1;VERDADERO;https://i.ebayimg.com/images/g/DncAAeSwguFqq1Gk/s-l960.webp
Vegeta;BM1-024;Super Rare;Big Bang Mission 1;3 Estrellas;Japonés;Slightly Played (SP);Super Dragon Ball HEROES;1.5;1;VERDADERO;https://i.ebayimg.com/images/g/eyMAAeSwErFqq1GZ/s-l960.webp
Tarble;BM1-029;Super Rare;Big Bang Mission 1;3 Estrellas;Japonés;Slightly Played (SP);Super Dragon Ball HEROES;1.5;1;VERDADERO;https://i.ebayimg.com/images/g/T-kAAOSw3CViMSBc/s-l1600.webp
Capitán Ginyu;BM1-031;Super Rare;Big Bang Mission 1;3 Estrellas;Japonés;Slightly Played (SP);Super Dragon Ball HEROES;1.5;1;VERDADERO;https://i.ebayimg.com/images/g/LiIAAeSwvDhqld-6/s-l1600.webp
Abo;BM1-040;Super Rare;Big Bang Mission 1;3 Estrellas;Japonés;Slightly Played (SP);Super Dragon Ball HEROES;1.5;1;VERDADERO;https://i.ebayimg.com/images/g/jy0AAeSw96Jqq1Gg/s-l960.webp
Cado;BM1-041;Super Rare;Big Bang Mission 1;3 Estrellas;Japonés;Slightly Played (SP);Super Dragon Ball HEROES;1.5;1;VERDADERO;https://i.ebayimg.com/images/g/evcAAeSwXFhqq1Fk/s-l960.webp
Goku Xeno y Vegeta Xeno;BM1-056;Super Rare;Big Bang Mission 1;3 Estrellas;Japonés;Slightly Played (SP);Super Dragon Ball HEROES;1.5;1;VERDADERO;https://i.ebayimg.com/images/g/77cAAeSwpr5qq003/s-l960.webp
Vegeta;BM1-061;Super Rare;Big Bang Mission 1;3 Estrellas;Japonés;Slightly Played (SP);Super Dragon Ball HEROES;1.5;1;VERDADERO;https://i.ebayimg.com/images/g/X5UAAeSwXf5qq1Gg/s-l960.webp
Nappa;BM2-025;Super Rare;Big Bang Mission 2;3 Estrellas;Japonés;Slightly Played (SP);Super Dragon Ball HEROES;1.5;1;VERDADERO;https://i.ebayimg.com/images/g/Od4AAeSwxvVoZYJr/s-l1600.webp
Goku ssj1 y ssj Dios;BM2-027;Super Rare;Big Bang Mission 2;3 Estrellas;Japonés;Slightly Played (SP);Super Dragon Ball HEROES;1.5;1;VERDADERO;https://i.ebayimg.com/images/g/zhkAAeSwXFlqq00j/s-l960.webp
Vegeta;BM2-038;Super Rare;Big Bang Mission 2;3 Estrellas;Japonés;Slightly Played (SP);Super Dragon Ball HEROES;1.5;1;VERDADERO;https://i.ebayimg.com/images/g/CsUAAeSwi8lqq1F5/s-l960.webp
Trunks Xeno;BM2-046;Super Rare;Big Bang Mission 2;3 Estrellas;Japonés;Slightly Played (SP);Super Dragon Ball HEROES;1.5;1;VERDADERO;https://i.ebayimg.com/images/g/oDQAAeSwfBJqq02C/s-l960.webp
Trunks Xeno y Pan Xeno;BM2-047;Super Rare;Big Bang Mission 2;3 Estrellas;Japonés;Slightly Played (SP);Super Dragon Ball HEROES;1.5;1;VERDADERO;https://i.ebayimg.com/images/g/5GQAAeSwQ59qq1Fr/s-l960.webp
Dr. Myuu ;BM2-061;Super Rare;Big Bang Mission 2;3 Estrellas;Japonés;Slightly Played (SP);Super Dragon Ball HEROES;1.5;1;VERDADERO;https://i.ebayimg.com/images/g/~s0AAeSwDK9qq1Gj/s-l960.webp
Súper Janemba;BM3-025;Super Rare;Big Bang Mission 3;3 Estrellas;Japonés;Slightly Played (SP);Super Dragon Ball HEROES;1.5;1;VERDADERO;https://i.ebayimg.com/images/g/macAAeSwCZ5qq057/s-l960.webp
Toppo;BM3-040;Super Rare;Big Bang Mission 3;3 Estrellas;Japonés;Slightly Played (SP);Super Dragon Ball HEROES;1.5;1;VERDADERO;https://i.ebayimg.com/images/g/EcgAAOSwgcJnfXIk/s-l1600.webp
Ledgic;BM3-045;Super Rare;Big Bang Mission 3;3 Estrellas;Japonés;Slightly Played (SP);Super Dragon Ball HEROES;1.5;1;VERDADERO;https://i.ebayimg.com/images/g/X80AAOSwAjlgIwYm/s-l1600.webp
  San Xing Long ;BM3-050;Super Rare;Big Bang Mission 3;3 Estrellas;Japonés;Slightly Played (SP);Super Dragon Ball HEROES;1.5;1;VERDADERO;https://i.ebayimg.com/images/g/xFEAAOSwPZBnakFD/s-l1600.webp
Si Xing Long;BM3-051;Super Rare;Big Bang Mission 3;3 Estrellas;Japonés;Slightly Played (SP);Super Dragon Ball HEROES;1.5;1;VERDADERO;https://i.ebayimg.com/images/g/TsMAAOSw6CtidYTu/s-l1600.webp
Zamasu fusionado;BM4-025;Super Rare;Big Bang Mission 4;3 Estrellas;Japonés;Slightly Played (SP);Super Dragon Ball HEROES;1.5;1;VERDADERO;https://i.ebayimg.com/images/g/XfoAAeSweP9qq1Nj/s-l960.webp
Goten Xeno;BM4-052;Super Rare;Big Bang Mission 4;3 Estrellas;Japonés;Slightly Played (SP);Super Dragon Ball HEROES;1.5;1;VERDADERO;https://i.ebayimg.com/images/g/pWkAAeSwZlFqq03w/s-l960.webp
Putine ;BM4-056;Super Rare;Big Bang Mission 4;3 Estrellas;Japonés;Slightly Played (SP);Super Dragon Ball HEROES;1.5;1;VERDADERO;https://i.ebayimg.com/images/g/pK0AAOSwALxgIwdn/s-l1600.webp
Trunks ssj Dios Xeno;BM5-009;Super Rare;Big Bang Mission 5;3 Estrellas;Japonés;Slightly Played (SP);Super Dragon Ball HEROES;1.5;1;VERDADERO;https://i.ebayimg.com/images/g/xsgAAeSwSyBqq02h/s-l960.webp
Trunks ssj y Gotenks ssj 3;BM5-018;Super Rare;Big Bang Mission 5;3 Estrellas;Japonés;Slightly Played (SP);Super Dragon Ball HEROES;1.5;1;VERDADERO;https://i.ebayimg.com/images/g/9ooAAeSwelRqq02m/s-l960.webp
N 16;BM5-023;Super Rare;Big Bang Mission 5;3 Estrellas;Japonés;Slightly Played (SP);Super Dragon Ball HEROES;1.5;1;VERDADERO;https://i.ebayimg.com/images/g/AeMAAOSwE8FgeNAN/s-l1600.webp
Gohan;BM5-030;Super Rare;Big Bang Mission 5;3 Estrellas;Japonés;Slightly Played (SP);Super Dragon Ball HEROES;1.5;1;VERDADERO;https://i.ebayimg.com/images/g/1gwAAeSw1Xpqq02s/s-l960.webp
Equipo Z clasico;BM5-031;Super Rare;Big Bang Mission 5;3 Estrellas;Japonés;Slightly Played (SP);Super Dragon Ball HEROES;1.5;1;VERDADERO;https://i.ebayimg.com/images/g/AF8AAeSwEutqq03B/s-l960.webp
Goku ssj blue y Freezer;BM5-032;Super Rare;Big Bang Mission 5;3 Estrellas;Japonés;Slightly Played (SP);Super Dragon Ball HEROES;1.5;1;VERDADERO;https://i.ebayimg.com/images/g/mbYAAOSw1wloUJp3/s-l1600.webp
Vegeta ssj blue Evolved;BM5-055;Super Rare;Big Bang Mission 5;3 Estrellas;Japonés;Slightly Played (SP);Super Dragon Ball HEROES;1.5;1;VERDADERO;https://i.ebayimg.com/images/g/DF4AAeSw-0Fqq1Gc/s-l960.webp
Gohan xeno ssj4 ;BM5-057;Super Rare;Big Bang Mission 5;3 Estrellas;Japonés;Slightly Played (SP);Super Dragon Ball HEROES;1.5;1;VERDADERO;https://i.ebayimg.com/images/g/GM0AAeSwollqq02x/s-l960.webp
Salsa ;BM5-064;Super Rare;Big Bang Mission 5;3 Estrellas;Japonés;Slightly Played (SP);Super Dragon Ball HEROES;1.5;1;VERDADERO;https://i.ebayimg.com/images/g/wHAAAeSwE6lqq1Gd/s-l960.webp
Putine;BM5-065;Super Rare;Big Bang Mission 5;3 Estrellas;Japonés;Slightly Played (SP);Super Dragon Ball HEROES;1.5;1;VERDADERO;https://i.ebayimg.com/images/g/82AAAeSwy4Nqq1Gd/s-l960.webp
 Kaioshin;BM6-022;Super Rare;Big Bang Mission 6;3 Estrellas;Japonés;Slightly Played (SP);Super Dragon Ball HEROES;1.5;1;VERDADERO;https://i.ebayimg.com/images/g/Cb8AAOSwko5oLy38/s-l1600.webp
Majin Demigra;BM6-061;Super Rare;Big Bang Mission 6;3 Estrellas;Japonés;Slightly Played (SP);Super Dragon Ball HEROES;1.5;1;VERDADERO;https://i.ebayimg.com/images/g/Y3EAAeSwDR9og8zt/s-l1600.webp
Majin Dabura: Xeno;BM6-063;Super Rare;Big Bang Mission 6;3 Estrellas;Japonés;Slightly Played (SP);Super Dragon Ball HEROES;1.5;1;VERDADERO;https://i.ebayimg.com/images/g/Vd4AAeSw3Txqq1ZR/s-l960.webp
Majin Gravy;BM6-065;Super Rare;Big Bang Mission 6;3 Estrellas;Japonés;Slightly Played (SP);Super Dragon Ball HEROES;1.5;1;VERDADERO;https://i.ebayimg.com/images/g/Le8AAeSwXSZqleKC/s-l1600.webp
Bojack ;BM6-067;Super Rare;Big Bang Mission 6;3 Estrellas;Japonés;Slightly Played (SP);Super Dragon Ball HEROES;1.5;1;VERDADERO;https://i.ebayimg.com/images/g/9uYAAeSwKVxqleLY/s-l1600.webp
Vegeta ssj;BM7-019;Super Rare;Big Bang Mission 7;3 Estrellas;Japonés;Slightly Played (SP);Super Dragon Ball HEROES;1.5;1;VERDADERO;https://i.ebayimg.com/images/g/-4UAAeSwEutqq01x/s-l960.webp
Freezer;BM7-028;Super Rare;Big Bang Mission 7;3 Estrellas;Japonés;Slightly Played (SP);Super Dragon Ball HEROES;1.5;1;VERDADERO;https://i.ebayimg.com/images/g/~LMAAeSwShxqq01y/s-l960.webp
Metal cooler;BM7-033;Super Rare;Big Bang Mission 7;3 Estrellas;Japonés;Slightly Played (SP);Super Dragon Ball HEROES;1.5;1;VERDADERO;https://i.ebayimg.com/images/g/zKwAAeSwYHhqq02J/s-l960.webp
Gohan Xeno;BM7-053;Super Rare;Big Bang Mission 7;3 Estrellas;Japonés;Slightly Played (SP);Super Dragon Ball HEROES;1.5;1;VERDADERO;https://i.ebayimg.com/images/g/Jh0AAeSwrgpqq02W/s-l960.webp
Goten Xeno;BM7-054;Super Rare;Big Bang Mission 7;3 Estrellas;Japonés;Slightly Played (SP);Super Dragon Ball HEROES;1.5;1;VERDADERO;https://i.ebayimg.com/images/g/fQEAAeSw9h1qV7sR/s-l1600.webp
Trunks Xeno;BM7-056;Super Rare;Big Bang Mission 7;3 Estrellas;Japonés;Slightly Played (SP);Super Dragon Ball HEROES;1.5;1;VERDADERO;https://i.ebayimg.com/images/g/nSQAAeSwSbhqq019/s-l960.webp
Piccolo;BM8-005;Super Rare;Big Bang Mission 8;3 Estrellas;Japonés;Slightly Played (SP);Super Dragon Ball HEROES;1.5;1;VERDADERO;https://i.ebayimg.com/images/g/3TkAAeSwBDpprUAr/s-l1600.webp
Gattai Android 13;BM8-029;Super Rare;Big Bang Mission 8;3 Estrellas;Japonés;Slightly Played (SP);Super Dragon Ball HEROES;1.5;1;VERDADERO;https://i.ebayimg.com/images/g/CKoAAeSwuqxqq2Zq/s-l1600.webp
Super 17 (Cell Absorbed);BM8-052;Super Rare;Big Bang Mission 8;3 Estrellas;Japonés;Slightly Played (SP);Super Dragon Ball HEROES;1.5;1;VERDADERO;https://i.ebayimg.com/images/g/vU8AAeSw4FBqq1F6/s-l960.webp
Hearts ;BM8-063;Super Rare;Big Bang Mission 8;3 Estrellas;Japonés;Slightly Played (SP);Super Dragon Ball HEROES;1.5;1;VERDADERO;https://i.ebayimg.com/images/g/CgoAAeSw-0Fqq1F8/s-l960.webp
Gohan ssj y Goku ssj;BM9-002;Super Rare;Big Bang Mission 9;3 Estrellas;Japonés;Slightly Played (SP);Super Dragon Ball HEROES;1.5;1;VERDADERO;https://i.ebayimg.com/images/g/6VsAAeSwVXhqq1Au/s-l960.webp
Vegetto ssj;BM9-019;Super Rare;Big Bang Mission 9;3 Estrellas;Japonés;Slightly Played (SP);Super Dragon Ball HEROES;1.5;1;VERDADERO;https://i.ebayimg.com/images/g/7pUAAOSwN~Njy2GX/s-l1600.webp
Gohan y Piccolo;BM9-022;Super Rare;Big Bang Mission 9;3 Estrellas;Japonés;Slightly Played (SP);Super Dragon Ball HEROES;1.5;1;VERDADERO;https://i.ebayimg.com/images/g/5d0AAeSwpwVqq1IC/s-l960.webp
Nappa;BM9-033;Super Rare;Big Bang Mission 9;3 Estrellas;Japonés;Slightly Played (SP);Super Dragon Ball HEROES;1.5;1;VERDADERO;https://i.ebayimg.com/images/g/XiEAAeSwErFqq0-l/s-l960.webp
Goku Black;BM9-047;Super Rare;Big Bang Mission 9;3 Estrellas;Japonés;Slightly Played (SP);Super Dragon Ball HEROES;1.5;1;VERDADERO;https://i.ebayimg.com/images/g/b~QAAOSwdoloEh-u/s-l1600.webp
Salsa;BM9-064;Super Rare;Big Bang Mission 9;3 Estrellas;Japonés;Slightly Played (SP);Super Dragon Ball HEROES;1.5;1;VERDADERO;https://i.ebayimg.com/images/g/3egAAeSwquFqq1AW/s-l960.webp
Putine;BM9-065;Super Rare;Big Bang Mission 9;3 Estrellas;Japonés;Slightly Played (SP);Super Dragon Ball HEROES;1.5;1;VERDADERO;https://i.ebayimg.com/images/g/xC8AAeSwYHRqq1Ac/s-l960.webp
Super 17;BM9-068;Super Rare;Big Bang Mission 9;3 Estrellas;Japonés;Slightly Played (SP);Super Dragon Ball HEROES;1.5;1;VERDADERO;https://i.ebayimg.com/images/g/VqMAAeSwhYZpYDV5/s-l1600.webp
Bojack transformación innata;BM9-069;Super Rare;Big Bang Mission 9;3 Estrellas;Japonés;Slightly Played (SP);Super Dragon Ball HEROES;1.5;1;VERDADERO;https://i.ebayimg.com/images/g/P1UAAeSwKfZqq1Ax/s-l960.webp
Dr. Kochin ;BM10-026;Super Rare;Big Bang Mission 10;3 Estrellas;Japonés;Slightly Played (SP);Super Dragon Ball HEROES;1.5;1;VERDADERO;https://i.ebayimg.com/images/g/VlQAAeSwGdhqq1Et/s-l960.webp
Panbukin ;BM10-036;Super Rare;Big Bang Mission 10;3 Estrellas;Japonés;Slightly Played (SP);Super Dragon Ball HEROES;1.5;1;VERDADERO;https://i.ebayimg.com/images/g/Z1gAAeSwVCxqq1Ev/s-l960.webp
Lord Chilled;BM10-043;Super Rare;Big Bang Mission 10;3 Estrellas;Japonés;Slightly Played (SP);Super Dragon Ball HEROES;1.5;1;VERDADERO;https://i.ebayimg.com/images/g/O0gAAeSwYjtqq1Ex/s-l960.webp
Hearts ;BM10-062;Super Rare;Big Bang Mission 10;3 Estrellas;Japonés;Slightly Played (SP);Super Dragon Ball HEROES;1.5;1;VERDADERO;https://i.ebayimg.com/images/g/VloAAeSwYWxqq1E7/s-l960.webp
Warrior in Black;BM10-066;Super Rare;Big Bang Mission 10;3 Estrellas;Japonés;Slightly Played (SP);Super Dragon Ball HEROES;1.5;1;VERDADERO;https://i.ebayimg.com/images/g/bOUAAOSwVFZlpBrq/s-l1600.webp
Mr. Satan;BM11-006;Super Rare;Big Bang Mission 11;3 Estrellas;Japonés;Slightly Played (SP);Super Dragon Ball HEROES;1.5;1;VERDADERO;https://i.ebayimg.com/images/g/LegAAeSwfohqq1L5/s-l960.webp
Majin Buu gordo;BM11-008;Super Rare;Big Bang Mission 11;3 Estrellas;Japonés;Slightly Played (SP);Super Dragon Ball HEROES;1.5;1;VERDADERO;https://i.ebayimg.com/images/g/iw0AAeSwCJxpX9Hq/s-l1600.webp
Ten Shin Han;BM11-012;Super Rare;Big Bang Mission 11;3 Estrellas;Japonés;Slightly Played (SP);Super Dragon Ball HEROES;1.5;1;VERDADERO;https://i.ebayimg.com/images/g/kRAAAeSwUuBqq1MG/s-l960.webp
Piccolo;BM11-015;Super Rare;Big Bang Mission 11;3 Estrellas;Japonés;Slightly Played (SP);Super Dragon Ball HEROES;1.5;1;VERDADERO;https://i.ebayimg.com/images/g/JF4AAeSwf9tqq1MI/s-l960.webp
Gohan y Gotenks ssj3;BM11-019;Super Rare;Big Bang Mission 11;3 Estrellas;Japonés;Slightly Played (SP);Super Dragon Ball HEROES;1.5;1;VERDADERO;https://i.ebayimg.com/images/g/4icAAOSw1rxoUJzQ/s-l1600.webp
Babidi;BM11-031;Super Rare;Big Bang Mission 11;3 Estrellas;Japonés;Slightly Played (SP);Super Dragon Ball HEROES;1.5;1;VERDADERO;https://i.ebayimg.com/images/g/pj8AAeSw~CZqq1L6/s-l960.webp
Majin Buu Pure Evil;BM11-032;Super Rare;Big Bang Mission 11;3 Estrellas;Japonés;Slightly Played (SP);Super Dragon Ball HEROES;1.5;1;VERDADERO;https://i.ebayimg.com/images/g/DZQAAeSwtFxqlv-9/s-l1600.webp
Chronoa ;BM11-062;Super Rare;Big Bang Mission 11;3 Estrellas;Japonés;Slightly Played (SP);Super Dragon Ball HEROES;1.5;1;VERDADERO;https://i.ebayimg.com/images/g/nJIAAeSw-Ohqq1L5/s-l960.webp
Salsa;BM11-064;Super Rare;Big Bang Mission 11;3 Estrellas;Japonés;Slightly Played (SP);Super Dragon Ball HEROES;1.5;1;VERDADERO;https://i.ebayimg.com/images/g/2cYAAeSwKZ9qq1MC/s-l960.webp
Shroom ;BM11-065;Super Rare;Big Bang Mission 11;3 Estrellas;Japonés;Slightly Played (SP);Super Dragon Ball HEROES;1.5;1;VERDADERO;https://i.ebayimg.com/images/g/dxEAAeSwFm9pYBHG/s-l1600.webp
Mira ;BM11-067;Super Rare;Big Bang Mission 11;3 Estrellas;Japonés;Slightly Played (SP);Super Dragon Ball HEROES;1.5;1;VERDADERO;https://i.ebayimg.com/images/g/H1wAAeSw2aZqq1ME/s-l960.webp
Majin Towa;BM11-068;Super Rare;Big Bang Mission 11;3 Estrellas;Japonés;Slightly Played (SP);Super Dragon Ball HEROES;1.5;1;VERDADERO;https://i.ebayimg.com/images/g/F1sAAeSwVXhqq1L5/s-l1600.webp
Gohan ;BM12-016;Super Rare;Big Bang Mission 12;3 Estrellas;Japonés;Slightly Played (SP);Super Dragon Ball HEROES;1.5;1;VERDADERO;https://i.ebayimg.com/images/g/K34AAeSwYllqq1Qr/s-l960.webp
Gohan ssj2;BM12-019;Super Rare;Big Bang Mission 12;3 Estrellas;Japonés;Slightly Played (SP);Super Dragon Ball HEROES;1.5;1;VERDADERO;https://i.ebayimg.com/images/g/GSAAAeSw9KZpppIh/s-l1600.webp
Garlic Jr Super Makyano;BM12-024;Super Rare;Big Bang Mission 12;3 Estrellas;Japonés;Slightly Played (SP);Super Dragon Ball HEROES;1.5;1;VERDADERO;https://i.ebayimg.com/images/g/B2wAAeSwf8pqq1RN/s-l960.webp
Slug ;BM12-028;Super Rare;Big Bang Mission 12;3 Estrellas;Japonés;Slightly Played (SP);Super Dragon Ball HEROES;1.5;1;VERDADERO;https://i.ebayimg.com/images/g/LJIAAeSwSkFqq1Q5/s-l960.webp
Bojack;BM12-033;Super Rare;Big Bang Mission 12;3 Estrellas;Japonés;Slightly Played (SP);Super Dragon Ball HEROES;1.5;1;VERDADERO;https://i.ebayimg.com/images/g/DV4AAeSwyXtqq1RB/s-l960.webp
Goku Xeno ssj;BM12-055;Super Rare;Big Bang Mission 12;3 Estrellas;Japonés;Slightly Played (SP);Super Dragon Ball HEROES;1.5;1;VERDADERO;https://i.ebayimg.com/images/g/a5MAAOSww3Ziik3E/s-l1600.webp
 Dios Demigra;BM12-057;Super Rare;Big Bang Mission 12;3 Estrellas;Japonés;Slightly Played (SP);Super Dragon Ball HEROES;1.5;1;VERDADERO;https://i.ebayimg.com/images/g/DDAAAeSwuhppY~WR/s-l1600.webp
Golden Freezer Xeno corrompido;BM12-062;Super Rare;Big Bang Mission 12;3 Estrellas;Japonés;Slightly Played (SP);Super Dragon Ball HEROES;1.5;1;VERDADERO;https://i.ebayimg.com/images/g/aDYAAeSwSaNqq1RF/s-l960.webp
Golden Cooler Xeno corrompido;BM12-063;Super Rare;Big Bang Mission 12;3 Estrellas;Japonés;Slightly Played (SP);Super Dragon Ball HEROES;1.5;1;VERDADERO;https://i.ebayimg.com/images/g/FW4AAeSw9ZVqaqu5/s-l1600.webp
Bojack transformación innata;BM12-065;Super Rare;Big Bang Mission 12;3 Estrellas;Japonés;Slightly Played (SP);Super Dragon Ball HEROES;1.5;1;VERDADERO;https://i.ebayimg.com/images/g/oQ0AAOSw9s9nBwzy/s-l1600.webp
Dr. Wheelo (Willow);BM12-066;Super Rare;Big Bang Mission 12;3 Estrellas;Japonés;Slightly Played (SP);Super Dragon Ball HEROES;1.5;1;VERDADERO;https://i.ebayimg.com/images/g/K80AAeSwizZqaq2o/s-l1600.webp
Beerus (Bills);BMPS-04;Rare;Starter Pack Ultimate Silver;Promocional;Japonés;Slightly Played (SP);Super Dragon Ball HEROES;1.5;1;VERDADERO;https://i.ebayimg.com/images/g/GqgAAeSwbVlorGif/s-l1600.webp
Gohan xeno;BMPS-09;Rare;Starter Pack Ultimate Silver;Promocional;Japonés;Slightly Played (SP);Super Dragon Ball HEROES;1.5;1;VERDADERO;https://i.ebayimg.com/images/g/eBsAAOSwz3doAe9o/s-l1600.webp
Equipo Xeno;BMPS-10;Rare;Starter Pack Ultimate Silver;Promocional;Japonés;Slightly Played (SP);Super Dragon Ball HEROES;1.5;1;VERDADERO;https://i.ebayimg.com/images/g/o7MAAOSw3XJjtMSD/s-l1600.webp
Trunks Xeno;BMPS-12;Rare;Starter Pack Ultimate Silver;Promocional;Japonés;Slightly Played (SP);Super Dragon Ball HEROES;1.5;1;VERDADERO;https://i.ebayimg.com/images/g/cxcAAOSw03VoAaTG/s-l1600.webp
Gohanks-EX;GDPB-63;Common;God Mission;Promocional;Japonés;Slightly Played (SP);Super Dragon Ball HEROES;1.5;1;VERDADERO;https://i.ebayimg.com/images/g/HysAAOSwLDFlsgiE/s-l1600.webp
Krilin;GDPBC3-08;Common;Card Gummy 17 God Mission;Promocional;Japonés;Slightly Played (SP);Super Dragon Ball HEROES;1.5;1;VERDADERO;https://i.ebayimg.com/images/g/TqkAAOSwezVWvDDl/s-l1600.webp
Ten shin han;GDPBC3-10;Common;Card Gummy 17 God Mission;Promocional;Japonés;Slightly Played (SP);Super Dragon Ball HEROES;1.5;1;VERDADERO;https://i.ebayimg.com/images/g/mUcAAOSwUuFWvDGa/s-l1600.webp
Majin boo gordo;GDPBC5-11;Common;Card Gummy 19 God Mission;Promocional;Japonés;Slightly Played (SP);Super Dragon Ball HEROES;1.5;1;VERDADERO;https://i.ebayimg.com/images/g/VnYAAOSwXeJYCrh7/s-l1600.webp
Vegeta Baby;GPBC3-12;Rare;Card Gummy 7 God Mission;Promocional;Japonés;Slightly Played (SP);Super Dragon Ball HEROES;1.5;1;VERDADERO;https://i.ebayimg.com/images/g/MekAAOSwqu9VNzYP/s-l1600.webp
Uub (ub);GPBC6-08;Common;Card Gummy 10 God Mission;Promocional;Japonés;Slightly Played (SP);Super Dragon Ball HEROES;1.5;1;VERDADERO;https://i.ebayimg.com/images/g/I1EAAOSwpDdVDMPB/s-l1600.webp
Liu Xing Long;JPB-16;Common;Jaakuryu Mission;Promocional;Japonés;Slightly Played (SP);Super Dragon Ball HEROES;1.5;1;VERDADERO;https://i.ebayimg.com/images/g/YzUAAeSwGk9ol~3u/s-l1600.webp
Piccolo;MM1-005;Super Rare; Meteor Mission 1;3 Estrellas;Japonés;Slightly Played (SP);Super Dragon Ball HEROES;1.5;12;VERDADERO;https://i.ebayimg.com/images/g/1L8AAOSw-mBoUJ9E/s-l1600.webp
Goku ssj;MM1-015;Super Rare; Meteor Mission 1;3 Estrellas;Japonés;Slightly Played (SP);Super Dragon Ball HEROES;1.5;4;VERDADERO;https://i.ebayimg.com/images/g/2vsAAeSwSqxqq14I/s-l1600.webp
Mr Satan;MM1-026;Super Rare; Meteor Mission 1;3 Estrellas;Japonés;Slightly Played (SP);Super Dragon Ball HEROES;1.5;8;VERDADERO;https://i.ebayimg.com/images/g/2dgAAeSwkUhqq133/s-l1600.webp
Cell perfecto;MM1-037;Super Rare; Meteor Mission 1;3 Estrellas;Japonés;Slightly Played (SP);Super Dragon Ball HEROES;1.5;4;VERDADERO;https://i.ebayimg.com/images/g/hnUAAeSwXYxqq138/s-l1600.webp
Vegeta;MM1-041;Super Rare; Meteor Mission 1;3 Estrellas;Japonés;Slightly Played (SP);Super Dragon Ball HEROES;1.5;11;VERDADERO;https://i.ebayimg.com/images/g/YjgAAeSw459qbZTC/s-l1600.webp
Goku black Rose;MM1-047;Super Rare; Meteor Mission 1;3 Estrellas;Japonés;Slightly Played (SP);Super Dragon Ball HEROES;1.5;2;VERDADERO;https://i.ebayimg.com/images/g/XxsAAeSwEv9qDGom/s-l1600.webp
Zamasu fusionado;MM1-048;Super Rare; Meteor Mission 1;3 Estrellas;Japonés;Slightly Played (SP);Super Dragon Ball HEROES;1.5;4;VERDADERO;https://i.ebayimg.com/images/g/LWoAAeSw-M1qq138/s-l1600.webp
Goku ssj Blue;MM1-057;Super Rare; Meteor Mission 1;3 Estrellas;Japonés;Slightly Played (SP);Super Dragon Ball HEROES;1.5;3;VERDADERO;https://i.ebayimg.com/images/g/0w8AAeSwZXtqq13s/s-l1600.webp
Vegeta ssj Blue;MM1-059;Super Rare; Meteor Mission 1;3 Estrellas;Japonés;Slightly Played (SP);Super Dragon Ball HEROES;1.5;12;VERDADERO;https://i.ebayimg.com/images/g/3rAAAeSwFXdqq132/s-l1600.webp
Hearts ;MM1-064;Super Rare; Meteor Mission 1;3 Estrellas;Japonés;Slightly Played (SP);Super Dragon Ball HEROES;1.5;12;VERDADERO;https://i.ebayimg.com/images/g/2k8AAeSw6pdqq13s/s-l1600.webp
Mr Satan;MM2-006;Super Rare; Meteor Mission 2;3 Estrellas;Japonés;Slightly Played (SP);Super Dragon Ball HEROES;1.5;10;VERDADERO;https://i.ebayimg.com/images/g/kPkAAeSw7U5qq14u/s-l1600.webp
Yamcha;MM2-016;Super Rare; Meteor Mission 2;3 Estrellas;Japonés;Slightly Played (SP);Super Dragon Ball HEROES;1.5;12;VERDADERO;https://i.ebayimg.com/images/g/FkIAAeSw2X5qq14k/s-l1600.webp
Ten Shin Han;MM2-021;Super Rare; Meteor Mission 2;3 Estrellas;Japonés;Slightly Played (SP);Super Dragon Ball HEROES;1.5;4;VERDADERO;https://i.ebayimg.com/images/g/n3cAAeSwnnJqq14w/s-l1600.webp
Goku ssj Dios;MM2-034;Super Rare; Meteor Mission 2;3 Estrellas;Japonés;Slightly Played (SP);Super Dragon Ball HEROES;1.5;15;VERDADERO;https://i.ebayimg.com/images/g/n3cAAeSwnnJqq14w/s-l1600.webp
Trunks ;MM2-044;Super Rare; Meteor Mission 2;3 Estrellas;Japonés;Slightly Played (SP);Super Dragon Ball HEROES;1.5;17;VERDADERO;https://i.ebayimg.com/images/g/fhMAAeSwkFdqq14f/s-l1600.webp
N 18;MM2-048;Super Rare; Meteor Mission 2;3 Estrellas;Japonés;Slightly Played (SP);Super Dragon Ball HEROES;1.5;12;VERDADERO;https://i.ebayimg.com/images/g/iEsAAeSwFXJqq14c/s-l1600.webp
Goku ssj Xeno;MM2-063;Super Rare; Meteor Mission 2;3 Estrellas;Japonés;Slightly Played (SP);Super Dragon Ball HEROES;1.5;14;VERDADERO;https://i.ebayimg.com/images/g/jG0AAeSw-TFqq14d/s-l1600.webp
Majin Ozotto;MM2-067;Super Rare; Meteor Mission 2;3 Estrellas;Japonés;Slightly Played (SP);Super Dragon Ball HEROES;1.5;12;VERDADERO;https://i.ebayimg.com/images/g/KLAAAeSwOydqq199/s-l1600.webp
Vegeta ssj;MM3-004;Super Rare; Meteor Mission 3;3 Estrellas;Japonés;Slightly Played (SP);Super Dragon Ball HEROES;1.5;1;VERDADERO;https://i.ebayimg.com/images/g/ApcAAeSwM3Jqq1-2/s-l960.webp
Veku Gordo;MM3-019;Super Rare; Meteor Mission 3;3 Estrellas;Japonés;Slightly Played (SP);Super Dragon Ball HEROES;1.5;2;VERDADERO;https://i.ebayimg.com/images/g/9ckAAeSw53Jqq1~C/s-l960.webp
Capitán Ginyu;MM3-026;Super Rare; Meteor Mission 3;3 Estrellas;Japonés;Slightly Played (SP);Super Dragon Ball HEROES;1.5;4;VERDADERO;https://i.ebayimg.com/images/g/8qwAAeSwMp1qq1-6/s-l960.webp
Metal Cooler;MM3-031;Super Rare; Meteor Mission 3;3 Estrellas;Japonés;Slightly Played (SP);Super Dragon Ball HEROES;1.5;1;VERDADERO;https://i.ebayimg.com/images/g/560AAeSwJVJqq1-4/s-l960.webp
Broly ;MM3-033;Super Rare; Meteor Mission 3;3 Estrellas;Japonés;Slightly Played (SP);Super Dragon Ball HEROES;1.5;5;VERDADERO;https://i.ebayimg.com/images/g/AmsAAeSwM3Jqq1-w/s-l960.webp
Paragus;MM3-034;Super Rare; Meteor Mission 3;3 Estrellas;Japonés;Slightly Played (SP);Super Dragon Ball HEROES;1.5;8;VERDADERO;https://i.ebayimg.com/images/g/mYEAAeSwXYxqq1-z/s-l960.webp
Bojack;MM3-037;Super Rare; Meteor Mission 3;3 Estrellas;Japonés;Slightly Played (SP);Super Dragon Ball HEROES;1.5;3;VERDADERO;https://i.ebayimg.com/images/g/76IAAeSwfmBqq1-7/s-l960.webp
Goku ssj GT;MM3-053;Super Rare; Meteor Mission 3;3 Estrellas;Japonés;Slightly Played (SP);Super Dragon Ball HEROES;1.5;11;VERDADERO;https://i.ebayimg.com/images/g/68oAAeSwx6lqq1-O/s-l960.webp
Cheelai ;MM3-066;Super Rare; Meteor Mission 3;3 Estrellas;Japonés;Slightly Played (SP);Super Dragon Ball HEROES;1.5;4;VERDADERO;https://i.ebayimg.com/images/g/NB4AAeSwFVVqq1~K/s-l960.webp
Milk ;MM4-014;Super Rare; Meteor Mission 4;3 Estrellas;Japonés;Slightly Played (SP);Super Dragon Ball HEROES;1.5;11;VERDADERO;https://i.ebayimg.com/images/g/ImUAAeSwf8Fqq2DB/s-l1600.webp
Trunks;MM4-022;Super Rare; Meteor Mission 4;3 Estrellas;Japonés;Slightly Played (SP);Super Dragon Ball HEROES;1.5;4;VERDADERO;https://i.ebayimg.com/images/g/4hgAAeSw34pqq2DV/s-l1600.webp
El Gran Saiyaman;MM4-026;Super Rare; Meteor Mission 4;3 Estrellas;Japonés;Slightly Played (SP);Super Dragon Ball HEROES;1.5;12;VERDADERO;https://i.ebayimg.com/images/g/UGsAAeSwa15qq2CW/s-l1600.webp
Gran Saiyaman 2 ;MM4-028;Super Rare; Meteor Mission 4;3 Estrellas;Japonés;Slightly Played (SP);Super Dragon Ball HEROES;1.5;12;VERDADERO;https://i.ebayimg.com/images/g/5skAAeSwE01qq2DU/s-l1600.webp
Vegetto ssj;MM4-029;Super Rare; Meteor Mission 4;3 Estrellas;Japonés;Slightly Played (SP);Super Dragon Ball HEROES;1.5;8;VERDADERO;https://i.ebayimg.com/images/g/socAAeSwfHtqq2DX/s-l1600.webp
Nappa;MM4-034;Super Rare; Meteor Mission 4;3 Estrellas;Japonés;Slightly Played (SP);Super Dragon Ball HEROES;1.5;12;VERDADERO;https://i.ebayimg.com/images/g/MdUAAeSwOZRqq2Da/s-l1600.webp
Goku ssj God;MM4-045;Super Rare; Meteor Mission 4;3 Estrellas;Japonés;Slightly Played (SP);Super Dragon Ball HEROES;1.5;8;VERDADERO;https://i.ebayimg.com/images/g/~H4AAeSwZkVqq2Db/s-l1600.webp
Vegetto ssj blue;MM4-047;Super Rare; Meteor Mission 4;3 Estrellas;Japonés;Slightly Played (SP);Super Dragon Ball HEROES;1.5;8;VERDADERO;https://i.ebayimg.com/images/g/-o8AAeSwkUhqq2C-/s-l1600.webp
Zamasu semimutado;MM4-055;Super Rare; Meteor Mission 4;3 Estrellas;Japonés;Slightly Played (SP);Super Dragon Ball HEROES;1.5;10;VERDADERO;https://i.ebayimg.com/images/g/zU8AAeSwgQFqq2DS/s-l1600.webp
Goku, Vegeta y Trunks;MM4-060;Super Rare; Meteor Mission 4;3 Estrellas;Japonés;Slightly Played (SP);Super Dragon Ball HEROES;1.5;12;VERDADERO;https://i.ebayimg.com/images/g/MEwAAeSwKcdqq2DC/s-l1600.webp
Chronoa ;MM4-066;Super Rare; Meteor Mission 4;3 Estrellas;Japonés;Slightly Played (SP);Super Dragon Ball HEROES;1.5;16;VERDADERO;https://i.ebayimg.com/images/g/ZfoAAeSwTvFqq2DD/s-l1600.webp
Mr Satan;MM5-006;Super Rare; Meteor Mission 5;3 Estrellas;Japonés;Slightly Played (SP);Super Dragon Ball HEROES;1.5;32;VERDADERO;https://i.ebayimg.com/images/g/nuYAAeSwMXRqr2Fd/s-l1600.webp
Majin Buu gordo;MM5-008;Super Rare; Meteor Mission 5;3 Estrellas;Japonés;Slightly Played (SP);Super Dragon Ball HEROES;1.5;20;VERDADERO;https://i.ebayimg.com/images/g/9XUAAeSwE01qq2Il/s-l960.webp
Krilin clasico;MM5-011;Super Rare; Meteor Mission 5;3 Estrellas;Japonés;Slightly Played (SP);Super Dragon Ball HEROES;1.5;28;VERDADERO;https://i.ebayimg.com/images/g/128AAeSwfEZqq2Iu/s-l960.webp
Goku;MM5-018;Super Rare; Meteor Mission 5;3 Estrellas;Japonés;Slightly Played (SP);Super Dragon Ball HEROES;1.5;8;VERDADERO;https://i.ebayimg.com/images/g/lOUAAOSwGHBn8YiL/s-l1600.webp
King Cold;MM5-027;Super Rare; Meteor Mission 5;3 Estrellas;Japonés;Slightly Played (SP);Super Dragon Ball HEROES;1.5;28;VERDADERO;https://i.ebayimg.com/images/g/EkgAAeSwYjtqq2Id/s-l960.webp
Aka (Aca);MM5-030;Super Rare; Meteor Mission 5;3 Estrellas;Japonés;Slightly Played (SP);Super Dragon Ball HEROES;1.5;4;VERDADERO;https://i.ebayimg.com/images/g/vM8AAeSwiHtqr2BE/s-l1600.webp
Piccolo (Namekian in Black);MM5-055;Super Rare; Meteor Mission 5;3 Estrellas;Japonés;Slightly Played (SP);Super Dragon Ball HEROES;1.5;36;VERDADERO;https://i.ebayimg.com/images/g/tVEAAeSwCJxqq2If/s-l960.webp
Lagss;MM5-057;Super Rare; Meteor Mission 5;3 Estrellas;Japonés;Slightly Played (SP);Super Dragon Ball HEROES;1.5;40;VERDADERO;https://i.ebayimg.com/images/g/9EwAAeSw2DJqq2Is/s-l960.webp
Hearts ;MM5-058;Super Rare; Meteor Mission 5;3 Estrellas;Japonés;Slightly Played (SP);Super Dragon Ball HEROES;1.5;48;VERDADERO;https://i.ebayimg.com/images/g/0T0AAeSwVyhqq2Nh/s-l960.webp
Aeos (Aios);MM5-060;Super Rare; Meteor Mission 5;3 Estrellas;Japonés;Slightly Played (SP);Super Dragon Ball HEROES;1.5;36;VERDADERO;https://i.ebayimg.com/images/g/yKMAAeSwHahqr2JK/s-l1600.webp
Gogeta ssj 3;MM5-066;Super Rare; Meteor Mission 5;3 Estrellas;Japonés;Slightly Played (SP);Super Dragon Ball HEROES;1.5;40;VERDADERO;https://i.ebayimg.com/images/g/HqoAAeSw2lNqr2G5/s-l1600.webp
Broly ssj 3;MM5-068;Super Rare; Meteor Mission 5;3 Estrellas;Japonés;Slightly Played (SP);Super Dragon Ball HEROES;1.5;12;VERDADERO;https://i.ebayimg.com/images/g/BjYAAeSwPphqq2Iz/s-l960.webp
Majin Buu gordo;MM6-008;Super Rare; Meteor Mission 6;3 Estrellas;Japonés;Slightly Played (SP);Super Dragon Ball HEROES;1.5;40;VERDADERO;https://i.ebayimg.com/images/g/oRwAAeSwIApoxOvE/s-l1600.webp
Freezer ;MM6-016;Super Rare; Meteor Mission 6;3 Estrellas;Japonés;Slightly Played (SP);Super Dragon Ball HEROES;1.5;8;VERDADERO;https://i.ebayimg.com/images/g/EUMAAeSwMXRqq2NR/s-l960.webp
Cell perfecto;MM6-017;Super Rare; Meteor Mission 6;3 Estrellas;Japonés;Slightly Played (SP);Super Dragon Ball HEROES;1.5;2;VERDADERO;https://i.ebayimg.com/images/g/HLAAAeSwYjtqq2M7/s-l960.webp
Super Buu;MM6-018;Super Rare; Meteor Mission 6;3 Estrellas;Japonés;Slightly Played (SP);Super Dragon Ball HEROES;1.5;8;VERDADERO;https://i.ebayimg.com/images/g/1nYAAeSwnnJqq2Nn/s-l960.webp
Goku GT;MM6-020;Super Rare; Meteor Mission 6;3 Estrellas;Japonés;Slightly Played (SP);Super Dragon Ball HEROES;1.5;16;VERDADERO;https://i.ebayimg.com/images/g/PfwAAeSwf8Fqq2NP/s-l960.webp
Gogeta ssj 4;MM6-023;Super Rare; Meteor Mission 6;3 Estrellas;Japonés;Slightly Played (SP);Super Dragon Ball HEROES;1.5;24;VERDADERO;https://i.ebayimg.com/images/g/tIkAAeSwSbhqq2NK/s-l960.webp
Gogeta ssj Dios;MM6-026;Super Rare; Meteor Mission 6;3 Estrellas;Japonés;Slightly Played (SP);Super Dragon Ball HEROES;1.5;36;VERDADERO;https://i.ebayimg.com/images/g/8cMAAeSwAMdqq2Tl/s-l1600.webp
Vegetto ssj 4;MM6-029;Super Rare; Meteor Mission 6;3 Estrellas;Japonés;Slightly Played (SP);Super Dragon Ball HEROES;1.5;4;VERDADERO;https://i.ebayimg.com/images/g/lM0AAeSw-qlqkQg~/s-l1600.webp
Gohan ssj 4;MM6-031;Super Rare; Meteor Mission 6;3 Estrellas;Japonés;Slightly Played (SP);Super Dragon Ball HEROES;1.5;8;VERDADERO;https://i.ebayimg.com/images/g/Xz4AAeSwTadqq2Tm/s-l1600.webp
Gotenks Xeno ssj 3;MM6-032;Super Rare; Meteor Mission 6;3 Estrellas;Japonés;Slightly Played (SP);Super Dragon Ball HEROES;1.5;20;VERDADERO;https://i.ebayimg.com/images/g/aAIAAeSw4jxqrzxp/s-l1600.webp
Fu rejuvenecido;MM6-041;Super Rare; Meteor Mission 6;3 Estrellas;Japonés;Slightly Played (SP);Super Dragon Ball HEROES;1.5;32;VERDADERO;https://i.ebayimg.com/images/g/PG8AAeSwfHtqr121/s-l1600.webp
Broly ssj 4;MM6-054;Super Rare; Meteor Mission 6;3 Estrellas;Japonés;Slightly Played (SP);Super Dragon Ball HEROES;1.5;8;VERDADERO;https://i.ebayimg.com/images/g/dlgAAeSwZsZqrz0O/s-l1600.webp
Hit;PBS-24;Rare;PBS Golden;Promocional;Japonés;Slightly Played (SP);Super Dragon Ball HEROES;1.5;1;VERDADERO;https://i.ebayimg.com/images/g/y~8AAOSwObhabPZy/s-l1600.webp
Whis ;PCS6-10;Common;Card Gummy 6 (UM);Promocional;Japonés;Slightly Played (SP);Super Dragon Ball HEROES;1.5;1;VERDADERO;https://i.ebayimg.com/images/g/NLsAAOSwtDVhjXIv/s-l1600.webp
 Kaioshin;PCS-05;Common;Card Gummy Serie 1;Promocional;Japonés;Slightly Played (SP);Super Dragon Ball HEROES;1.5;1;VERDADERO;https://i.ebayimg.com/images/g/tqwAAOSwavBikR9W/s-l1600.webp
Maestro Tsuru;PCS-10;Common;Card Gummy Serie 1;Promocional;Japonés;Slightly Played (SP);Super Dragon Ball HEROES;1.5;1;VERDADERO;https://i.ebayimg.com/images/g/GqQAAOSwAR5ikB28/s-l1600.webp
Vegeta ssj 2;PCS3-06;Common;Card Gummy Serie 3;Promocional;Japonés;Slightly Played (SP);Super Dragon Ball HEROES;1.5;2;VERDADERO;https://i.ebayimg.com/images/g/TBUAAOSw7p1azrZr/s-l1600.webp
Krillin ;PCS4-07;Common;Card Gummy Serie 4;Promocional;Japonés;Slightly Played (SP);Super Dragon Ball HEROES;1.5;1;VERDADERO;https://i.ebayimg.com/images/g/NxMAAOSwh~BkI~JX/s-l1600.webp
Hit;PCS5-04;Rare;Card Gummy Serie 5 (UM);Promocional;Japonés;Slightly Played (SP);Super Dragon Ball HEROES;1.5;1;VERDADERO;https://i.ebayimg.com/images/g/lf8AAOSwzl9ivkq-/s-l1600.webp
Krillin ;PCS7-07;Common;Card Gummy Serie 7 (UM);Promocional;Japonés;Slightly Played (SP);Super Dragon Ball HEROES;1.5;1;VERDADERO;https://i.ebayimg.com/images/g/1zsAAOSwowxeP1JA/s-l1600.webp
Ten Shin Han;PCS8-06;Common;Card Gummy Serie 8 (UM);Promocional;Japonés;Slightly Played (SP);Super Dragon Ball HEROES;1.5;2;VERDADERO;https://terre-2.com/img/p/5/2/5/0/1/52501-large_default.jpg
Cheelai ;PCS10-08;Common;Card Gummy Serie 10 (UM);Promocional;Japonés;Slightly Played (SP);Super Dragon Ball HEROES;1.5;1;VERDADERO;https://i.ebayimg.com/images/g/TDkAAOSwVs1fm1dG/s-l1600.webp
Lemo ;PCS10-09;Common;Card Gummy Serie 10 (UM);Promocional;Japonés;Slightly Played (SP);Super Dragon Ball HEROES;1.5;1;VERDADERO;https://i.ebayimg.com/images/g/0i0AAOSwvK1g6hP8/s-l1600.webp
Jiren;PCS10-11;Common;Card Gummy Serie 10 (UM);Promocional;Japonés;Slightly Played (SP);Super Dragon Ball HEROES;1.5;1;VERDADERO;https://i.ebayimg.com/images/g/hOQAAOSwKtdfi51B/s-l1600.webp
Champa;PCS11-09;Common;Card Gummy Serie 11 (BM);Promocional;Japonés;Slightly Played (SP);Super Dragon Ball HEROES;1.5;1;VERDADERO;https://i.ebayimg.com/images/g/o2cAAOSwkC9g3s1f/s-l1600.webp
Toppo;PCS11-10;Common;Card Gummy Serie 11 (BM);Promocional;Japonés;Slightly Played (SP);Super Dragon Ball HEROES;1.5;1;VERDADERO;https://i.ebayimg.com/images/g/gOcAAOSw7jlg3s5z/s-l1600.webp
Goku Xeno;PCS12-07;Common;Card Gummy Serie 12 (BM);Promocional;Japonés;Slightly Played (SP);Super Dragon Ball HEROES;1.5;4;VERDADERO;https://i.ebayimg.com/images/g/N9cAAOSw9Flf2SvF/s-l1600.webp
FU;PCS13-09;Common;Card Gummy Serie 13 (BM);Promocional;Japonés;Slightly Played (SP);Super Dragon Ball HEROES;1.5;1;VERDADERO;https://i.ebayimg.com/images/g/5aAAAOSwLelhNpIh/s-l1600.webp
Mr Satan;PCS15-09;Common;Card Gummy Serie 15 (BM);Promocional;Japonés;Slightly Played (SP);Super Dragon Ball HEROES;1.5;1;VERDADERO;https://i.ebayimg.com/images/g/21QAAOSw5D5jlaSM/s-l1600.webp
Trunks;PCS15-11;Common;Card Gummy Serie 15 (BM);Promocional;Japonés;Slightly Played (SP);Super Dragon Ball HEROES;1.5;1;VERDADERO;https://i.ebayimg.com/images/g/B5sAAOSwSKpjlaSV/s-l1600.webp
N 16;PCS17-12;Common;Card Gummy Serie 17 (UGM2);Promocional;Japonés;Slightly Played (SP);Super Dragon Ball HEROES;1.5;1;VERDADERO;https://i.ebayimg.com/images/g/rTkAAOSwN15lgM~K/s-l1600.webp
Gotenks: Xeno ssj 3;PCS18-09;Rare;Card Gummy Serie 18 (UGM3);Promocional;Japonés;Slightly Played (SP);Super Dragon Ball HEROES;1.5;1;VERDADERO;https://i.ebayimg.com/images/g/f8kAAOSw45Rjle4a/s-l1600.webp
Black Warrior ssj;PCS19-05;Rare;Card Gummy Serie 19 (UGM4);Promocional;Japonés;Slightly Played (SP);Super Dragon Ball HEROES;1.5;2;VERDADERO;https://i.ebayimg.com/images/g/~44AAOSwP2xk3JFX/s-l1600.webp
Namekian in Black;PCS19-06;Rare;Card Gummy Serie 19 (UGM4);Promocional;Japonés;Slightly Played (SP);Super Dragon Ball HEROES;1.5;1;VERDADERO;https://i.ebayimg.com/images/g/kV0AAOSwtBxlK7Rl/s-l1600.webp
Hearts ;PCS19-10;Common;Card Gummy Serie 19 (UGM4);Promocional;Japonés;Slightly Played (SP);Super Dragon Ball HEROES;1.5;1;VERDADERO;https://i.ebayimg.com/images/g/594AAOSwA5tk3JF6/s-l1600.webp
Demigra (Dark King);PCS20-10;Common;Card Gummy Serie 20 (MM1);Promocional;Japonés;Slightly Played (SP);Super Dragon Ball HEROES;1.5;1;VERDADERO;https://i.ebayimg.com/images/g/018AAOSwcRxlrRbn/s-l1600.webp
Goku ssj blue;PJS-02;Common;V-Jump Special Apendix;Promocional;Japonés;Slightly Played (SP);Super Dragon Ball HEROES;1.5;1;VERDADERO;https://i.ebayimg.com/images/g/xqQAAOSw7fJg84AB/s-l1600.webp
Goku Black;PJS-06;Common;V-Jump Special Apendix;Promocional;Japonés;Slightly Played (SP);Super Dragon Ball HEROES;1.5;2;VERDADERO;https://i.ebayimg.com/images/g/ToIAAOSwRoVfgkLa/s-l1600.webp
Goku ssj Blue;PMDS-01;Common;Dragon Ball Super Fish Sausage Part 4;Promocional;Japonés;Slightly Played (SP);Super Dragon Ball HEROES;1.5;1;VERDADERO;https://i.ebayimg.com/images/g/uBAAAOSwFFNZzBfx/s-l1600.webp
Trunks;PSES-01;Rare;Expansion Super Jumbo Carddass Set;Promocional;Japonés;Slightly Played (SP);Super Dragon Ball HEROES;1.5;1;VERDADERO;https://i.ebayimg.com/images/g/vWAAAOSwFbla5HZA/s-l1600.webp
Gowasu;PSES-02;Rare;Expansion Super Jumbo Carddass Set;Promocional;Japonés;Slightly Played (SP);Super Dragon Ball HEROES;1.5;4;VERDADERO;https://i.ebayimg.com/images/g/YxIAAOSwf~9ZZtAG/s-l1600.webp
Zamasu ;PSES-03;Rare;Expansion Super Jumbo Carddass Set;Promocional;Japonés;Slightly Played (SP);Super Dragon Ball HEROES;1.5;1;VERDADERO;https://i.ebayimg.com/images/g/CbUAAOSw2n5ZffCx/s-l1600.webp
Trunks Xeno;PSES-06;Rare;Expansion Super Jumbo Carddass Set;Promocional;Japonés;Slightly Played (SP);Super Dragon Ball HEROES;1.5;1;VERDADERO;https://i.ebayimg.com/images/g/ngIAAOSwcF1a5Hrg/s-l1600.webp
Chronoa ;PSES-07;Rare;Expansion Super Jumbo Carddass Set;Promocional;Japonés;Slightly Played (SP);Super Dragon Ball HEROES;1.5;2;VERDADERO;https://i.ebayimg.com/images/g/b2cAAOSw-RdZzBsL/s-l1600.webp
Gohan xeno;PSES-08;Rare;Expansion Super Jumbo Carddass Set;Promocional;Japonés;Slightly Played (SP);Super Dragon Ball HEROES;1.5;2;VERDADERO;https://i.ebayimg.com/images/g/ZUcAAOSww3tY7Vxm/s-l1600.webp
Trunks Xeno;PSES2-07;Rare;Expansion Super Jumbo Carddass Set;Promocional;Japonés;Slightly Played (SP);Super Dragon Ball HEROES;1.5;1;VERDADERO;https://i.ebayimg.com/images/g/EmIAAOSwfhlb4iAo/s-l1600.webp
Beerus (Bills);PSES7-04;Rare;Expansion Super Jumbo Carddass Set;Promocional;Japonés;Slightly Played (SP);Super Dragon Ball HEROES;1.5;1;VERDADERO;https://i.ebayimg.com/images/g/iREAAOSwkedeJcM5/s-l1600.webp
N 18 y Krilin;PUMS2-05;Rare;Ultimate Booster Pack Serie 2;Promocional;Japonés;Slightly Played (SP);Super Dragon Ball HEROES;1.5;1;VERDADERO;https://i.ebayimg.com/images/g/DjgAAOSwCzBalI5F/s-l1600.webp
Bardock: Xeno;PUMS2-18;Rare;Ultimate Booster Pack Serie 2;Promocional;Japonés;Slightly Played (SP);Super Dragon Ball HEROES;1.5;1;VERDADERO;https://i.ebayimg.com/images/g/iHAAAeSwMqpqq2EX/s-l960.webp
 Kaioshin;PUMS4-06;Rare;Ultimate Booster Pack Serie 4;Promocional;Japonés;Slightly Played (SP);Super Dragon Ball HEROES;1.5;1;VERDADERO;https://i.ebayimg.com/images/g/VIoAAeSwq8Rqq2FP/s-l960.webp
Gohan;PUMS4-08;Rare;Ultimate Booster Pack Serie 4;Promocional;Japonés;Slightly Played (SP);Super Dragon Ball HEROES;1.5;2;VERDADERO;https://i.ebayimg.com/images/g/HkcAAeSwFNNqq2Er/s-l960.webp
N 18;PUMS4-09;Common;Ultimate Booster Pack Serie 4;Promocional;Japonés;Slightly Played (SP);Super Dragon Ball HEROES;1.5;2;VERDADERO;https://i.ebayimg.com/images/g/G9UAAOSwKA5b3Q5q/s-l1600.webp
Gohan xeno;PUMS4-18;Rare;Ultimate Booster Pack Serie 4;Promocional;Japonés;Slightly Played (SP);Super Dragon Ball HEROES;1.5;1;VERDADERO;https://i.ebayimg.com/images/g/0AkAAeSwaw5qq2E4/s-l960.webp
Goku xeno ssj 3;PUMS4-20;Rare;Ultimate Booster Pack Serie 4;Promocional;Japonés;Slightly Played (SP);Super Dragon Ball HEROES;1.5;2;VERDADERO;https://i.ebayimg.com/images/g/HjgAAOSwasBoJQJ9/s-l1600.webp
Vegeta xeno ssj3;PUMS4-21;Rare;Ultimate Booster Pack Serie 4;Promocional;Japonés;Slightly Played (SP);Super Dragon Ball HEROES;1.5;1;VERDADERO;https://i.ebayimg.com/images/g/XUcAAOSwuJRb3RAE/s-l1600.webp
Whis;PUMS5-23;Rare;Ultimate Booster Pack Serie 5;Promocional;Japonés;Slightly Played (SP);Super Dragon Ball HEROES;1.5;1;VERDADERO;https://i.ebayimg.com/images/g/Oj0AAeSwuvJqrhea/s-l960.webp
Cheelai ;PUMS5-28;Rare;Ultimate Booster Pack Serie 5;Promocional;Japonés;Slightly Played (SP);Super Dragon Ball HEROES;1.5;1;VERDADERO;https://i.ebayimg.com/images/g/T0wAAeSwzU1qq2E4/s-l960.webp
Mai (Future) ;PUMS5-30;Rare;Ultimate Booster Pack Serie 5;Promocional;Japonés;Slightly Played (SP);Super Dragon Ball HEROES;1.5;1;VERDADERO;https://i.ebayimg.com/images/g/GPoAAOSwpuFdg~tb/s-l1600.webp
Trunks;PUMS6-29;Rare;Ultimate Booster Pack Serie 6;Promocional;Japonés;Slightly Played (SP);Super Dragon Ball HEROES;1.5;1;VERDADERO;https://i.ebayimg.com/images/g/K~gAAOSwnA9f74dA/s-l1600.webp
Champa;PUMS7-16;Rare;Big Bang Booster Pack Serie 7 (BM);Promocional;Japonés;Slightly Played (SP);Super Dragon Ball HEROES;1.5;1;VERDADERO;https://i.ebayimg.com/images/g/tQcAAOSwWUJf8gX0/s-l1600.webp
Gohan;PUMS7-19;Rare;Big Bang Booster Pack Serie 7 (BM);Promocional;Japonés;Slightly Played (SP);Super Dragon Ball HEROES;1.5;1;VERDADERO;https://i.ebayimg.com/images/g/hAoAAeSwqrhqq2Kb/s-l960.webp
Pan;PUMS7-20;Rare;Big Bang Booster Pack Serie 7 (BM);Promocional;Japonés;Slightly Played (SP);Super Dragon Ball HEROES;1.5;1;VERDADERO;https://i.ebayimg.com/images/g/9mMAAOSwJX5f8haQ/s-l1600.webp
Gohanks: Xeno ;PUMS8-11;Rare;Big Bang Booster Pack Serie 8 (BM2);Promocional;Japonés;Slightly Played (SP);Super Dragon Ball HEROES;1.5;3;VERDADERO;https://i.ebayimg.com/images/g/wR0AAeSwYjtqq1s0/s-l960.webp
Rey Gurumes (King Gurumes);PUMS8-15;Rare;Big Bang Booster Pack Serie 8 (BM2);Promocional;Japonés;Slightly Played (SP);Super Dragon Ball HEROES;1.5;1;VERDADERO;https://i.ebayimg.com/images/g/CeAAAOSwtSZf9izO/s-l1600.webp
Lucifer ;PUMS8-16;Rare;Big Bang Booster Pack Serie 8 (BM2);Promocional;Japonés;Slightly Played (SP);Super Dragon Ball HEROES;1.5;1;VERDADERO;https://i.ebayimg.com/images/g/71oAAOSwYmNf9jOi/s-l1600.webp
Goku y Krilin;PUMS8-18;Rare;Big Bang Booster Pack Serie 8 (BM2);Promocional;Japonés;Slightly Played (SP);Super Dragon Ball HEROES;1.5;2;VERDADERO;https://i.ebayimg.com/images/g/G50AAOSwqe1f-h18/s-l1600.webp
Janemba Xeno (Demonio Malvado);PUMS8-24;Rare;Big Bang Booster Pack Serie 8 (BM2);Promocional;Japonés;Slightly Played (SP);Super Dragon Ball HEROES;1.5;1;VERDADERO;https://i.ebayimg.com/images/g/63gAAOSw4wdf-xGT/s-l1600.webp
Turles, Cooler, Bojack ;PUMS9-06;Rare;Big Bang Booster Pack Serie 9 (BM3);Promocional;Japonés;Slightly Played (SP);Super Dragon Ball HEROES;1.5;1;VERDADERO;https://i.ebayimg.com/images/g/T4cAAOSwn9hh7mzL/s-l1600.webp
Trunks Xeno ssj Dios;PUMS9-10;Rare;Big Bang Booster Pack Serie 9 (BM3);Promocional;Japonés;Slightly Played (SP);Super Dragon Ball HEROES;1.5;1;VERDADERO;https://i.ebayimg.com/images/g/0rUAAeSwQLZqteSF/s-l960.webp
Trunks Xeno;PUMS10-03;Common;Big Bang Booster Pack Serie 10 (BM4);Promocional;Japonés;Slightly Played (SP);Super Dragon Ball HEROES;1.5;1;VERDADERO;https://i.ebayimg.com/images/g/tYsAAOSwsK9lWgi2/s-l1600.webp
Whis;PUMS10-14;Rare;Big Bang Booster Pack Serie 10 (BM4);Promocional;Japonés;Slightly Played (SP);Super Dragon Ball HEROES;1.5;1;VERDADERO;https://i.ebayimg.com/images/g/josAAOSwVQhi2C0f/s-l1600.webp
Paragus;PUMS10-17;Rare;Big Bang Booster Pack Serie 10 (BM4);Promocional;Japonés;Slightly Played (SP);Super Dragon Ball HEROES;1.5;1;VERDADERO;https://i.ebayimg.com/images/g/pUYAAeSwfGNqq1Kv/s-l960.webp
Turles (Evil Saiyan);PUMS11-25;Rare;Big Bang Booster Pack Serie 11 (UGM1);Promocional;Japonés;Slightly Played (SP);Super Dragon Ball HEROES;1.5;1;VERDADERO;https://i.ebayimg.com/images/g/WusAAeSwmGpqM2jT/s-l1600.webp
Goku Black Xeno Crimson Mask;PUMS11-31;Rare;Big Bang Booster Pack Serie 11 (UGM1);Promocional;Japonés;Slightly Played (SP);Super Dragon Ball HEROES;1.5;1;VERDADERO;https://i.ebayimg.com/images/g/lKYAAeSwxMpqX26c/s-l1600.webp
Dr. Wheelo (Dr. Willow);PUMS11-33;Rare;Big Bang Booster Pack Serie 11 (UGM1);Promocional;Japonés;Slightly Played (SP);Super Dragon Ball HEROES;1.5;1;VERDADERO;https://i.ebayimg.com/images/g/~WcAAOSw55ZlCXR3/s-l1600.webp
Tarble ;PUMS11-37;Rare;Big Bang Booster Pack Serie 11 (UGM1);Promocional;Japonés;Slightly Played (SP);Super Dragon Ball HEROES;1.5;8;VERDADERO;https://i.ebayimg.com/images/g/G38AAeSwZBRqrWN0/s-l1600.webp
Tapion ;PUMS12-11;Rare;Big Bang Booster Pack Serie 12 (UGM2);Promocional;Japonés;Slightly Played (SP);Super Dragon Ball HEROES;1.5;1;VERDADERO;https://i.ebayimg.com/images/g/uscAAOSwMFljWtn~/s-l1600.webp
Chronoa ;PUMS12-15;Rare;Big Bang Booster Pack Serie 12 (UGM2);Promocional;Japonés;Slightly Played (SP);Super Dragon Ball HEROES;1.5;1;VERDADERO;https://i.ebayimg.com/images/g/jjgAAeSwc6hpYo2m/s-l1600.webp
Vegeta ssj;PUMS12-20;Rare;Big Bang Booster Pack Serie 12 (UGM2);Promocional;Japonés;Slightly Played (SP);Super Dragon Ball HEROES;1.5;1;VERDADERO;https://i.ebayimg.com/images/g/~1cAAOSwhhJjWtqU/s-l1600.webp
Turles ;PUMS12-26;Rare;Big Bang Booster Pack Serie 12 (UGM2);Promocional;Japonés;Slightly Played (SP);Super Dragon Ball HEROES;1.5;1;VERDADERO;https://i.ebayimg.com/images/g/GvIAAeSwYIppYrAy/s-l1600.webp
Slug (Lord Slug);PUMS12-27;Rare;Big Bang Booster Pack Serie 12 (UGM2);Promocional;Japonés;Slightly Played (SP);Super Dragon Ball HEROES;1.5;1;VERDADERO;https://i.ebayimg.com/images/g/CbUAAeSw9J9pYowG/s-l1600.webp
Whis ;PUMS12-37;Rare;Big Bang Booster Pack Serie 12 (UGM2);Promocional;Japonés;Slightly Played (SP);Super Dragon Ball HEROES;1.5;1;VERDADERO;https://i.ebayimg.com/images/g/7I4AAeSwhY5pYrlg/s-l1600.webp
Pan;PUMS13-15;Rare;Big Bang Booster Pack Serie 13 (UGM3);Promocional;Japonés;Slightly Played (SP);Super Dragon Ball HEROES;1.5;1;VERDADERO;https://i.ebayimg.com/images/g/Dv0AAeSw53ZpkF~a/s-l1600.webp
n 17;PUMS13-16;Rare;Big Bang Booster Pack Serie 13 (UGM3);Promocional;Japonés;Slightly Played (SP);Super Dragon Ball HEROES;1.5;1;VERDADERO;https://i.ebayimg.com/images/g/6ewAAeSw8fBqW7nw/s-l1600.webp
Trunks ssj rage;PUMS13-17;Rare;Big Bang Booster Pack Serie 13 (UGM3);Promocional;Japonés;Slightly Played (SP);Super Dragon Ball HEROES;1.5;1;VERDADERO;https://i.ebayimg.com/images/g/X30AAOSwtftnDwYf/s-l1600.webp
Mai (Future) ;PUMS13-18;Rare;Big Bang Booster Pack Serie 13 (UGM3);Promocional;Japonés;Slightly Played (SP);Super Dragon Ball HEROES;1.5;1;VERDADERO;https://i.ebayimg.com/images/g/8W4AAeSwUixpkF71/s-l1600.webp
Gowasu;PUMS13-21;Rare;Big Bang Booster Pack Serie 13 (UGM3);Promocional;Japonés;Slightly Played (SP);Super Dragon Ball HEROES;1.5;1;VERDADERO;https://i.ebayimg.com/images/g/g2IAAeSwVxJpkF~R/s-l1600.webp
super 17 cell absorbed;PUMS13-26;Rare;Big Bang Booster Pack Serie 13 (UGM3);Promocional;Japonés;Slightly Played (SP);Super Dragon Ball HEROES;1.5;1;VERDADERO;https://i.ebayimg.com/images/g/WPgAAeSw0ENoirQG/s-l1600.webp
Dark Masked King (Ankoku Kamen Ou);PUMS13-32;Rare;Big Bang Booster Pack Serie 13 (UGM3);Promocional;Japonés;Slightly Played (SP);Super Dragon Ball HEROES;1.5;2;VERDADERO;https://i.ebayimg.com/images/g/jr8AAeSwjQxpkF7z/s-l1600.webp
Trunks;PUMS14-07;Rare;Big Bang Booster Pack Serie 14 (UGM4);Promocional;Japonés;Slightly Played (SP);Super Dragon Ball HEROES;1.5;4;VERDADERO;https://i.ebayimg.com/images/g/qpQAAOSwLzZm0dtD/s-l1600.webp
Gowasu ;PUMS14-08;Rare;Big Bang Booster Pack Serie 14 (UGM4);Promocional;Japonés;Slightly Played (SP);Super Dragon Ball HEROES;1.5;4;VERDADERO;https://i.ebayimg.com/images/g/XFQAAOSwTFVm0dvU/s-l1600.webp
Beerus (Bills);PUMS14-10;Rare;Big Bang Booster Pack Serie 14 (UGM4);Promocional;Japonés;Slightly Played (SP);Super Dragon Ball HEROES;1.5;2;VERDADERO;https://i.ebayimg.com/images/g/b98AAOSwcaZm0duP/s-l1600.webp
Goku GT;PUMS14-11;Rare;Big Bang Booster Pack Serie 14 (UGM4);Promocional;Japonés;Slightly Played (SP);Super Dragon Ball HEROES;1.5;4;VERDADERO;https://i.ebayimg.com/images/g/bXUAAeSw-hBqq2BK/s-l960.webp
Pan;PUMS14-12;Rare;Big Bang Booster Pack Serie 14 (UGM4);Promocional;Japonés;Slightly Played (SP);Super Dragon Ball HEROES;1.5;4;VERDADERO;https://i.ebayimg.com/images/g/G7wAAOSwRLFnatkP/s-l1600.webp
Trunks;PUMS14-13;Rare;Big Bang Booster Pack Serie 14 (UGM4);Promocional;Japonés;Slightly Played (SP);Super Dragon Ball HEROES;1.5;4;VERDADERO;https://i.ebayimg.com/images/g/jCYAAeSwvoBqq2BV/s-l960.webp
Vegeta Baby;PUMS14-14;Rare;Big Bang Booster Pack Serie 14 (UGM4);Promocional;Japonés;Slightly Played (SP);Super Dragon Ball HEROES;1.5;4;VERDADERO;https://i.ebayimg.com/images/g/ud4AAeSwKcBqq2BH/s-l960.webp
Si Xing Long ;PUMS14-17;Rare;Big Bang Booster Pack Serie 14 (UGM4);Promocional;Japonés;Slightly Played (SP);Super Dragon Ball HEROES;1.5;2;VERDADERO;https://i.ebayimg.com/images/g/2u4AAeSwlOZqZAmA/s-l1600.webp
Gohan;PUMS14-21;Rare;Big Bang Booster Pack Serie 14 (UGM4);Promocional;Japonés;Slightly Played (SP);Super Dragon Ball HEROES;1.5;3;VERDADERO;https://i.ebayimg.com/images/g/2QcAAeSw0p1qq2BR/s-l960.webp
Piccolo;PUMS14-22;Rare;Big Bang Booster Pack Serie 14 (UGM4);Promocional;Japonés;Slightly Played (SP);Super Dragon Ball HEROES;1.5;4;VERDADERO;https://i.ebayimg.com/images/g/jSIAAOSwSFZnats3/s-l1600.webp
Chronoa ;PUMS14-23;Rare;Big Bang Booster Pack Serie 14 (UGM4);Promocional;Japonés;Slightly Played (SP);Super Dragon Ball HEROES;1.5;3;VERDADERO;https://i.ebayimg.com/images/g/kGMAAeSwpG5okUrI/s-l1600.webp
Goten;PUMS14-24;Rare;Big Bang Booster Pack Serie 14 (UGM4);Promocional;Japonés;Slightly Played (SP);Super Dragon Ball HEROES;1.5;4;VERDADERO;https://i.ebayimg.com/images/g/al0AAOSwmaNm0PVb/s-l1600.webp
Trunks;PUMS14-25;Rare;Big Bang Booster Pack Serie 14 (UGM4);Promocional;Japonés;Slightly Played (SP);Super Dragon Ball HEROES;1.5;4;VERDADERO;https://i.ebayimg.com/images/g/nUoAAOSwqKBm0PXx/s-l1600.webp
Krillin ;PUMS14-26;Rare;Big Bang Booster Pack Serie 14 (UGM4);Promocional;Japonés;Slightly Played (SP);Super Dragon Ball HEROES;1.5;4;VERDADERO;https://i.ebayimg.com/images/g/logAAOSwAtNnat0C/s-l1600.webp
N 17;PUMS14-27;Rare;Big Bang Booster Pack Serie 14 (UGM4);Promocional;Japonés;Slightly Played (SP);Super Dragon Ball HEROES;1.5;2;VERDADERO;https://i.ebayimg.com/images/g/3FwAAOSwZYpm0dCI/s-l1600.webp
N 18;PUMS14-28;Rare;Big Bang Booster Pack Serie 14 (UGM4);Promocional;Japonés;Slightly Played (SP);Super Dragon Ball HEROES;1.5;7;VERDADERO;https://i.ebayimg.com/images/g/SxoAAeSwq8Rqq2Ba/s-l960.webp
Piccolo (Namekian in Black);PUMS14-33;Rare;Big Bang Booster Pack Serie 14 (UGM4);Promocional;Japonés;Slightly Played (SP);Super Dragon Ball HEROES;1.5;4;VERDADERO;https://i.ebayimg.com/images/g/Cb8AAeSwfuZqq2BU/s-l960.webp
Hearts ;PUMS14-39;Rare;Big Bang Booster Pack Serie 14 (UGM4);Promocional;Japonés;Slightly Played (SP);Super Dragon Ball HEROES;1.5;4;VERDADERO;https://i.ebayimg.com/images/g/7hkAAOSwRwFmyM2k/s-l1600.webp
Gowasu ;SH1-37;Super Rare;Parte 1;3 Estrellas;Japonés;Slightly Played (SP);Super Dragon Ball HEROES;1.5;2;VERDADERO;https://i.ebayimg.com/images/g/ZPwAAeSwdb9qpaxC/s-l1600.webp
Goku black;SH1-38;Super Rare;Parte 1;3 Estrellas;Japonés;Slightly Played (SP);Super Dragon Ball HEROES;1.5;1;VERDADERO;https://i.ebayimg.com/images/g/OFYAAOSwWxNYqzkh/s-l1600.webp
Goku Xeno;SH1-47;Super Rare;Parte 1;3 Estrellas;Japonés;Slightly Played (SP);Super Dragon Ball HEROES;1.5;1;VERDADERO;https://i.ebayimg.com/images/g/tvQAAOSwem5i59b9/s-l1600.webp
Freezer Xeno corrompido;SH1-51;Super Rare;Parte 1;3 Estrellas;Japonés;Slightly Played (SP);Super Dragon Ball HEROES;1.5;2;VERDADERO;https://i.ebayimg.com/images/g/vb8AAeSwquFqpEvu/s-l1600.webp
Mira (con Towa y Shroom);SH1-52;Super Rare;Parte 1;3 Estrellas;Japonés;Slightly Played (SP);Super Dragon Ball HEROES;1.5;1;VERDADERO;https://i.ebayimg.com/images/g/a5MAAOSwfVpYqztQ/s-l1600.webp
Towa ;SH1-53;Super Rare;Parte 1;3 Estrellas;Japonés;Slightly Played (SP);Super Dragon Ball HEROES;1.5;1;VERDADERO;https://i.ebayimg.com/images/g/f0YAAOSw4CFYqzub/s-l1600.webp
Gohan: Xeno;SH2-50;Super Rare;Parte 2;3 Estrellas;Japonés;Slightly Played (SP);Super Dragon Ball HEROES;1.5;2;VERDADERO;https://i.ebayimg.com/images/g/fn0AAeSwmc1qDU1V/s-l1600.webp
Vegeks: Xeno;SH2-52;Super Rare;Parte 2;3 Estrellas;Japonés;Slightly Played (SP);Super Dragon Ball HEROES;1.5;2;VERDADERO;https://i.ebayimg.com/images/g/9ukAAOSws-xdkB5a/s-l1600.webp
Trunks: Xeno;SH2-53;Super Rare;Parte 2;3 Estrellas;Japonés;Slightly Played (SP);Super Dragon Ball HEROES;1.5;2;VERDADERO;https://i.ebayimg.com/images/g/2jAAAeSwKZ9qq1MN/s-l960.webp
Majin Buu gordo;SH3-33;Super Rare;Parte 3;3 Estrellas;Japonés;Slightly Played (SP);Super Dragon Ball HEROES;1.5;2;VERDADERO;https://i.ebayimg.com/images/g/~RgAAOSwc49Y6rcT/s-l1600.webp
Androide 18;SH3-36;Super Rare;Parte 3;3 Estrellas;Japonés;Slightly Played (SP);Super Dragon Ball HEROES;1.5;1;VERDADERO;https://i.ebayimg.com/images/g/u4cAAOSwU8hY6rfc/s-l1600.webp
Bardock ssj;SH4-51;Super Rare;Parte 4;3 Estrellas;Japonés;Slightly Played (SP);Super Dragon Ball HEROES;1.5;1;VERDADERO;https://i.ebayimg.com/images/g/gYMAAOSwYeNbIHfz/s-l1600.webp
Gohan;SH5-25;Super Rare;Parte 5;3 Estrellas;Japonés;Slightly Played (SP);Super Dragon Ball HEROES;1.5;1;VERDADERO;https://i.ebayimg.com/images/g/dUkAAOSwVA5aJa9n/s-l1600.webp
Slug;SH6-19;Super Rare;Parte 6;3 Estrellas;Japonés;Slightly Played (SP);Super Dragon Ball HEROES;1.5;2;VERDADERO;https://i.ebayimg.com/images/g/7xYAAOSw05tab25s/s-l1600.webp
Goku ssj Xeno;SH6-52;Super Rare;Parte 6;3 Estrellas;Japonés;Slightly Played (SP);Super Dragon Ball HEROES;1.5;1;VERDADERO;https://i.ebayimg.com/images/g/4sIAAOSwOWBlVPvo/s-l1600.webp
Kale (Caulifla y Cabba);SH7-40;Super Rare;Parte 7;3 Estrellas;Japonés;Slightly Played (SP);Super Dragon Ball HEROES;1.5;3;VERDADERO;https://i.ebayimg.com/images/g/TccAAOSwrY9a3kXg/s-l1600.webp
Caulifla ;SH7-41;Super Rare;Parte 7;3 Estrellas;Japonés;Slightly Played (SP);Super Dragon Ball HEROES;1.5;2;VERDADERO;https://i.ebayimg.com/images/g/06gAAeSwR25qrDlm/s-l1600.webp
 Gotenks: Xeno;SH7-52;Super Rare;Parte 7;3 Estrellas;Japonés;Slightly Played (SP);Super Dragon Ball HEROES;1.5;1;VERDADERO;https://i.ebayimg.com/images/g/L9QAAOSwszZa3kjY/s-l1600.webp
Putine (Demon Realm);SH7-55;Super Rare;Parte 7;3 Estrellas;Japonés;Slightly Played (SP);Super Dragon Ball HEROES;1.5;1;VERDADERO;https://i.ebayimg.com/images/g/IxkAAeSwuqxqq1Lb/s-l960.webp
Majin Gravy;SH7-56;Super Rare;Parte 7;3 Estrellas;Japonés;Slightly Played (SP);Super Dragon Ball HEROES;1.5;3;VERDADERO;https://i.ebayimg.com/images/g/HhkAAOSwCHBa3kvO/s-l1600.webp
Gohan;SH8-22;Super Rare;Parte 8;3 Estrellas;Japonés;Slightly Played (SP);Super Dragon Ball HEROES;1.5;1;VERDADERO;https://i.ebayimg.com/images/g/lSYAAeSwrBFqkjYY/s-l1600.webp
Androide 17;SH8-28;Super Rare;Parte 8;3 Estrellas;Japonés;Slightly Played (SP);Super Dragon Ball HEROES;1.5;2;VERDADERO;https://i.ebayimg.com/images/g/5UYAAOSwGMllVPxI/s-l1600.webp
Kale ;SH8-36;Super Rare;Parte 8;3 Estrellas;Japonés;Slightly Played (SP);Super Dragon Ball HEROES;1.5;6;VERDADERO;https://i.ebayimg.com/images/g/stgAAOSwo1pa3z94/s-l1600.webp
Caulifla ;SH8-37;Super Rare;Parte 8;3 Estrellas;Japonés;Slightly Played (SP);Super Dragon Ball HEROES;1.5;1;VERDADERO;https://i.ebayimg.com/images/g/zIwAAOSwqDha30AD/s-l1600.webp
Goku ssj 3;UGM1-014;Super Rare;Ultra God Mission 1;3 Estrellas;Japonés;Slightly Played (SP);Super Dragon Ball HEROES;1.5;4;VERDADERO;https://i.ebayimg.com/images/g/ep4AAeSwfmBqq1St/s-l960.webp
Trunks ssj;UGM1-022;Super Rare;Ultra God Mission 1;3 Estrellas;Japonés;Slightly Played (SP);Super Dragon Ball HEROES;1.5;11;VERDADERO;https://i.ebayimg.com/images/g/aqUAAeSwoXNqq1Tl/s-l960.webp
Freezer ;UGM1-030;Super Rare;Ultra God Mission 1;3 Estrellas;Japonés;Slightly Played (SP);Super Dragon Ball HEROES;1.5;11;VERDADERO;https://i.ebayimg.com/images/g/ipEAAeSwollqq1Tr/s-l960.webp
Cell perfecto;UGM1-036;Super Rare;Ultra God Mission 1;3 Estrellas;Japonés;Slightly Played (SP);Super Dragon Ball HEROES;1.5;8;VERDADERO;https://i.ebayimg.com/images/g/ptkAAeSwsKFqq1Tm/s-l960.webp
Goku y Piccolo;UGM1-040;Super Rare;Ultra God Mission 1;3 Estrellas;Japonés;Slightly Played (SP);Super Dragon Ball HEROES;1.5;12;VERDADERO;https://i.ebayimg.com/images/g/hzAAAeSwwlhqq1Yy/s-l960.webp
Golden Freezer;UGM1-042;Super Rare;Ultra God Mission 1;3 Estrellas;Japonés;Slightly Played (SP);Super Dragon Ball HEROES;1.5;8;VERDADERO;https://i.ebayimg.com/images/g/p0EAAeSwErFqq1Ts/s-l960.webp
Goku y Gohan;UGM1-055;Super Rare;Ultra God Mission 1;3 Estrellas;Japonés;Slightly Played (SP);Super Dragon Ball HEROES;1.5;3;VERDADERO;https://i.ebayimg.com/images/g/j~oAAeSwiHtqq1To/s-l960.webp
Jiren;UGM1-056;Super Rare;Ultra God Mission 1;3 Estrellas;Japonés;Slightly Played (SP);Super Dragon Ball HEROES;1.5;3;VERDADERO;https://i.ebayimg.com/images/g/-owAAeSwKJBqq1Tp/s-l960.webp
Hit;UGM1-057;Super Rare;Ultra God Mission 1;3 Estrellas;Japonés;Slightly Played (SP);Super Dragon Ball HEROES;1.5;12;VERDADERO;https://i.ebayimg.com/images/g/X0sAAeSwy3Fqq1Tr/s-l960.webp
Yamcha;UGM1-058;Super Rare;Ultra God Mission 1;3 Estrellas;Japonés;Slightly Played (SP);Super Dragon Ball HEROES;1.5;8;VERDADERO;https://i.ebayimg.com/images/g/hF8AAeSwDW5qq1Tw/s-l960.webp
Súper Janemba;UGM1-064;Super Rare;Ultra God Mission 1;3 Estrellas;Japonés;Slightly Played (SP);Super Dragon Ball HEROES;1.5;8;VERDADERO;https://i.ebayimg.com/images/g/amgAAeSweQVqq1Tp/s-l960.webp
Kid Buu;UGM1-065;Super Rare;Ultra God Mission 1;3 Estrellas;Japonés;Slightly Played (SP);Super Dragon Ball HEROES;1.5;5;VERDADERO;https://i.ebayimg.com/images/g/L9UAAOSwcsVij44W/s-l1600.webp
Goku ssj;UGM2-015;Super Rare;Ultra God Mission 2;3 Estrellas;Japonés;Slightly Played (SP);Super Dragon Ball HEROES;1.5;1;VERDADERO;https://i.ebayimg.com/images/g/m2oAAeSwFvJo-oMc/s-l1600.webp
Gohan del futuro ssj;UGM2-018;Super Rare;Ultra God Mission 2;3 Estrellas;Japonés;Slightly Played (SP);Super Dragon Ball HEROES;1.5;4;VERDADERO;https://i.ebayimg.com/images/g/LPMAAeSwzkBo-oPQ/s-l1600.webp
Vegeta ssj;UGM2-020;Super Rare;Ultra God Mission 2;3 Estrellas;Japonés;Slightly Played (SP);Super Dragon Ball HEROES;1.5;7;VERDADERO;https://i.ebayimg.com/images/g/4vwAAOSws5poUJQH/s-l1600.webp
Trunks ssj;UGM2-021;Super Rare;Ultra God Mission 2;3 Estrellas;Japonés;Slightly Played (SP);Super Dragon Ball HEROES;1.5;3;VERDADERO;https://i.ebayimg.com/images/g/AzkAAeSw2MxqbZV3/s-l1600.webp
Piccolo;UGM2-022;Super Rare;Ultra God Mission 2;3 Estrellas;Japonés;Slightly Played (SP);Super Dragon Ball HEROES;1.5;7;VERDADERO;https://i.ebayimg.com/images/g/gVUAAeSw5Vho-oPO/s-l1600.webp
13. 14, 15;UGM2-030;Super Rare;Ultra God Mission 2;3 Estrellas;Japonés;Slightly Played (SP);Super Dragon Ball HEROES;1.5;3;VERDADERO;https://i.ebayimg.com/images/g/eaAAAeSwwDVqq1w7/s-l960.webp
Cell Imperfecto;UGM2-039;Super Rare;Ultra God Mission 2;3 Estrellas;Japonés;Slightly Played (SP);Super Dragon Ball HEROES;1.5;1;VERDADERO;https://i.ebayimg.com/images/g/7sEAAeSwffpqtCTp/s-l1600.webp
Super Yi Xing Long;UGM2-050;Super Rare;Ultra God Mission 2;3 Estrellas;Japonés;Slightly Played (SP);Super Dragon Ball HEROES;1.5;3;VERDADERO;https://i.ebayimg.com/images/g/y3oAAeSwxfNqq1ZV/s-l960.webp
Warrior in Black (Bardock);UGM2-059;Super Rare;Ultra God Mission 2;3 Estrellas;Japonés;Slightly Played (SP);Super Dragon Ball HEROES;1.5;4;VERDADERO;https://i.ebayimg.com/images/g/T1oAAOSwuHRilw4L/s-l1600.webp
Namekian in Black;UGM2-060;Super Rare;Ultra God Mission 2;3 Estrellas;Japonés;Slightly Played (SP);Super Dragon Ball HEROES;1.5;3;VERDADERO;https://i.ebayimg.com/images/g/dQQAAOSw4ZFoVzSj/s-l1600.webp
Turles (Evil Saiyan);UGM2-062;Super Rare;Ultra God Mission 2;3 Estrellas;Japonés;Slightly Played (SP);Super Dragon Ball HEROES;1.5;2;VERDADERO;https://i.ebayimg.com/images/g/474AAeSw-Ohqq1jZ/s-l960.webp
Pan;UGM2-067;Super Rare;Ultra God Mission 2;3 Estrellas;Japonés;Slightly Played (SP);Super Dragon Ball HEROES;1.5;7;VERDADERO;https://i.ebayimg.com/images/g/ikEAAOSwzRtnBw4S/s-l1600.webp
Piccolo;UGM3-005;Super Rare;Ultra God Mission 3;3 Estrellas;Japonés;Slightly Played (SP);Super Dragon Ball HEROES;1.5;2;VERDADERO;https://i.ebayimg.com/images/g/EbkAAOSwbnxjGLsN/s-l1600.webp
Trunks ssj Dios;UGM3-009;Super Rare;Ultra God Mission 3;3 Estrellas;Japonés;Slightly Played (SP);Super Dragon Ball HEROES;1.5;2;VERDADERO;https://i.ebayimg.com/images/g/bi4AAeSwK19o-oQJ/s-l1600.webp
Videl;UGM3-028;Super Rare;Ultra God Mission 3;3 Estrellas;Japonés;Slightly Played (SP);Super Dragon Ball HEROES;1.5;7;VERDADERO;https://i.ebayimg.com/images/g/UQwAAOSwJFpjFMbK/s-l1600.webp
Yi Xing Long;UGM3-036;Super Rare;Ultra God Mission 3;3 Estrellas;Japonés;Slightly Played (SP);Super Dragon Ball HEROES;1.5;3;VERDADERO;https://i.ebayimg.com/images/g/qrgAAOSwTHZkFJKV/s-l1600.webp
Warrior in Black (Bardock);UGM3-055;Super Rare;Ultra God Mission 3;3 Estrellas;Japonés;Slightly Played (SP);Super Dragon Ball HEROES;1.5;12;VERDADERO;https://i.ebayimg.com/images/g/gysAAeSwax1qq1e3/s-l960.webp
Namekian in Black;UGM3-056;Super Rare;Ultra God Mission 3;3 Estrellas;Japonés;Slightly Played (SP);Super Dragon Ball HEROES;1.5;5;VERDADERO;https://i.ebayimg.com/images/g/XioAAeSwhJBpY~yW/s-l1600.webp
Lemo ;UGM3-063;Super Rare;Ultra God Mission 3;3 Estrellas;Japonés;Slightly Played (SP);Super Dragon Ball HEROES;1.5;1;VERDADERO;https://i.ebayimg.com/images/g/gLcAAeSwhbBo-oPS/s-l1600.webp
Dr. Hedo;UGM3-066;Super Rare;Ultra God Mission 3;3 Estrellas;Japonés;Slightly Played (SP);Super Dragon Ball HEROES;1.5;8;VERDADERO;https://i.ebayimg.com/images/g/o6EAAeSww2Bo-oQE/s-l1600.webp
Magenta ;UGM3-067;Super Rare;Ultra God Mission 3;3 Estrellas;Japonés;Slightly Played (SP);Super Dragon Ball HEROES;1.5;2;VERDADERO;https://i.ebayimg.com/images/g/o6EAAeSww2Bo-oQE/s-l1600.webp
Hatchiyack ;UGM4-026;Super Rare;Ultra God Mission 4;3 Estrellas;Japonés;Slightly Played (SP);Super Dragon Ball HEROES;1.5;4;VERDADERO;https://i.ebayimg.com/images/g/alcAAeSwAetqq1hm/s-l960.webp
Zamasu semimutado;UGM4-039;Super Rare;Ultra God Mission 4;3 Estrellas;Japonés;Slightly Played (SP);Super Dragon Ball HEROES;1.5;12;VERDADERO;https://dbh日和.xyz/wp/wp-content/uploads/2022/10/651E2090-88B0-4210-AE7A-0132C79DA966-208x300@2x.jpeg
Chronoa;UGM4-055;Super Rare;Ultra God Mission 4;3 Estrellas;Japonés;Slightly Played (SP);Super Dragon Ball HEROES;1.5;6;VERDADERO;https://i.ebayimg.com/images/g/N9UAAeSw63hoscrQ/s-l1600.webp
Namekian in Black;UGM4-058;Super Rare;Ultra God Mission 4;3 Estrellas;Japonés;Slightly Played (SP);Super Dragon Ball HEROES;1.5;8;VERDADERO;https://i.ebayimg.com/images/g/kDwAAOSwekBjTvLJ/s-l1600.webp
Future Warrior in Black;UGM4-060;Super Rare;Ultra God Mission 4;3 Estrellas;Japonés;Slightly Played (SP);Super Dragon Ball HEROES;1.5;16;VERDADERO;https://i.ebayimg.com/images/g/RgIAAeSwe8toscuI/s-l1600.webp
Vidro;UGM4-061;Super Rare;Ultra God Mission 4;3 Estrellas;Japonés;Slightly Played (SP);Super Dragon Ball HEROES;1.5;11;VERDADERO;https://i.ebayimg.com/images/g/Ml0AAeSwmiVosctZ/s-l1600.webp
Gohan;UGM4-063;Super Rare;Ultra God Mission 4;3 Estrellas;Japonés;Slightly Played (SP);Super Dragon Ball HEROES;1.5;6;VERDADERO;https://i.ebayimg.com/images/g/pUAAAOSwV65oUJ5v/s-l1600.webp
Piccolo;UGM4-065;Super Rare;Ultra God Mission 4;3 Estrellas;Japonés;Slightly Played (SP);Super Dragon Ball HEROES;1.5;7;VERDADERO;https://i.ebayimg.com/images/g/V00AAOSww5NoUKDg/s-l1600.webp
Goku;UGM5-011;Super Rare;Ultra God Mission 5;3 Estrellas;Japonés;Slightly Played (SP);Super Dragon Ball HEROES;1.5;2;VERDADERO;https://i.ebayimg.com/images/g/e~UAAeSwp-Zqq1mN/s-l960.webp
Piccolo ;UGM5-015;Super Rare;Ultra God Mission 5;3 Estrellas;Japonés;Slightly Played (SP);Super Dragon Ball HEROES;1.5;3;VERDADERO;https://i.ebayimg.com/images/g/iZkAAeSwNPJqq1mL/s-l960.webp
Trunks;UGM5-022;Super Rare;Ultra God Mission 5;3 Estrellas;Japonés;Slightly Played (SP);Super Dragon Ball HEROES;1.5;8;VERDADERO;https://i.ebayimg.com/images/g/op4AAeSwHYBqq1mJ/s-l960.webp
King Cold;UGM5-030;Super Rare;Ultra God Mission 5;3 Estrellas;Japonés;Slightly Played (SP);Super Dragon Ball HEROES;1.5;2;VERDADERO;https://i.ebayimg.com/images/g/Sk0AAeSwFx9qq1mY/s-l960.webp
Bills;UGM5-044;Super Rare;Ultra God Mission 5;3 Estrellas;Japonés;Slightly Played (SP);Super Dragon Ball HEROES;1.5;6;VERDADERO;https://i.ebayimg.com/images/g/qgQAAeSwgQNqq1nc/s-l960.webp
Champa;UGM5-046;Super Rare;Ultra God Mission 5;3 Estrellas;Japonés;Slightly Played (SP);Super Dragon Ball HEROES;1.5;11;VERDADERO;https://i.ebayimg.com/images/g/fRMAAeSwguFqq1nl/s-l960.webp
Goku ssj 4;UGM5-049;Super Rare;Ultra God Mission 5;3 Estrellas;Japonés;Slightly Played (SP);Super Dragon Ball HEROES;1.5;4;VERDADERO;https://i.ebayimg.com/images/g/pM8AAeSwZXtqq1l3/s-l960.webp
Turles (Evil Saiyan);UGM5-061;Super Rare;Ultra God Mission 5;3 Estrellas;Japonés;Slightly Played (SP);Super Dragon Ball HEROES;1.5;5;VERDADERO;https://i.ebayimg.com/images/g/7LkAAeSwquFqpbXc/s-l1600.webp
Gohan;UGM5-064;Super Rare;Ultra God Mission 5;3 Estrellas;Japonés;Slightly Played (SP);Super Dragon Ball HEROES;1.5;7;VERDADERO;https://i.ebayimg.com/images/g/UF4AAeSwyXtqq1mQ/s-l960.webp
Piccolo;UGM5-065;Super Rare;Ultra God Mission 5;3 Estrellas;Japonés;Slightly Played (SP);Super Dragon Ball HEROES;1.5;5;VERDADERO;https://i.ebayimg.com/images/g/K~MAAOSwXK5kFFAG/s-l1600.webp
Pan;UGM5-066;Super Rare;Ultra God Mission 5;3 Estrellas;Japonés;Slightly Played (SP);Super Dragon Ball HEROES;1.5;8;VERDADERO;https://i.ebayimg.com/images/g/I4AAAOSwVWhkFFZf/s-l1600.webp
Gohan ssj;UGM6-002;Super Rare;Ultra God Mission 6;3 Estrellas;Japonés;Slightly Played (SP);Super Dragon Ball HEROES;1.5;3;VERDADERO;https://i.ebayimg.com/images/g/khkAAeSwWP1qq1n5/s-l960.webp
Bardock;UGM6-007;Super Rare;Ultra God Mission 6;3 Estrellas;Japonés;Slightly Played (SP);Super Dragon Ball HEROES;1.5;2;VERDADERO;https://i.ebayimg.com/images/g/K24AAeSw5nNqq1oC/s-l960.webp
Piccolo;UGM6-020;Super Rare;Ultra God Mission 6;3 Estrellas;Japonés;Slightly Played (SP);Super Dragon Ball HEROES;1.5;3;VERDADERO;https://i.ebayimg.com/images/g/YdsAAeSwwDVqq1n-/s-l960.webp
Hoi (Hoi-pi);UGM6-033;Super Rare;Ultra God Mission 6;3 Estrellas;Japonés;Slightly Played (SP);Super Dragon Ball HEROES;1.5;3;VERDADERO;https://i.ebayimg.com/images/g/ewcAAeSwfohqq1nN/s-l960.webp
Goku y Goku nieto;UGM6-042;Super Rare;Ultra God Mission 6;3 Estrellas;Japonés;Slightly Played (SP);Super Dragon Ball HEROES;1.5;2;VERDADERO;https://i.ebayimg.com/images/g/qP0AAeSwmuBqq1oK/s-l960.webp
Super Yi Xing Long;UGM6-044;Super Rare;Ultra God Mission 6;3 Estrellas;Japonés;Slightly Played (SP);Super Dragon Ball HEROES;1.5;1;VERDADERO;https://i.ebayimg.com/images/g/WHAAAeSwFXJqq1oD/s-l960.webp
Chronoa ;UGM6-057;Super Rare;Ultra God Mission 6;3 Estrellas;Japonés;Slightly Played (SP);Super Dragon Ball HEROES;1.5;3;VERDADERO;https://i.ebayimg.com/images/g/9SwAAeSw96Jqq1oV/s-l960.webp
Hearts ;UGM6-058;Super Rare;Ultra God Mission 6;3 Estrellas;Japonés;Slightly Played (SP);Super Dragon Ball HEROES;1.5;6;VERDADERO;https://i.ebayimg.com/images/g/VH4AAeSwvd5qrhcp/s-l1600.webp
Super Yi Xing Long Xeno;UGM6-061;Super Rare;Ultra God Mission 6;3 Estrellas;Japonés;Slightly Played (SP);Super Dragon Ball HEROES;1.5;4;VERDADERO;https://i.ebayimg.com/images/g/jJoAAeSwBa1qrhWV/s-l1600.webp
Bio Broly;UGM7-026;Super Rare;Ultra God Mission 7;3 Estrellas;Japonés;Slightly Played (SP);Super Dragon Ball HEROES;1.5;1;VERDADERO;https://i.ebayimg.com/images/g/p1MAAeSwax1qq1rv/s-l960.webp
Paikuhan;UGM7-027;Super Rare;Ultra God Mission 7;3 Estrellas;Japonés;Slightly Played (SP);Super Dragon Ball HEROES;1.5;1;VERDADERO;https://i.ebayimg.com/images/g/sOsAAeSwShxqq1r5/s-l960.webp
Super Janemba;UGM7-037;Super Rare;Ultra God Mission 7;3 Estrellas;Japonés;Slightly Played (SP);Super Dragon Ball HEROES;1.5;8;VERDADERO;https://i.ebayimg.com/images/g/ajEAAeSwBDhqq1rv/s-l960.webp
Goku Black Rose;UGM7-039;Super Rare;Ultra God Mission 7;3 Estrellas;Japonés;Slightly Played (SP);Super Dragon Ball HEROES;1.5;6;VERDADERO;https://i.ebayimg.com/images/g/ajEAAeSwBDhqq1rv/s-l960.webp
Zamasu semimutado;UGM7-040;Super Rare;Ultra God Mission 7;3 Estrellas;Japonés;Slightly Played (SP);Super Dragon Ball HEROES;1.5;2;VERDADERO;https://i.ebayimg.com/images/g/id0AAeSw69Rqq1rj/s-l960.webp
Hearts ;UGM7-054;Super Rare;Ultra God Mission 7;3 Estrellas;Japonés;Slightly Played (SP);Super Dragon Ball HEROES;1.5;12;VERDADERO;https://i.ebayimg.com/images/g/aOgAAeSwpalqq1rm/s-l960.webp
Freezer;UGM7-068;Super Rare;Ultra God Mission 7;3 Estrellas;Japonés;Slightly Played (SP);Super Dragon Ball HEROES;1.5;5;VERDADERO;https://i.ebayimg.com/images/g/2bMAAeSwH2Jqq1rk/s-l960.webp
Gohan ssj;UGM8-002;Super Rare;Ultra God Mission 8;3 Estrellas;Japonés;Slightly Played (SP);Super Dragon Ball HEROES;1.5;20;VERDADERO;https://i.ebayimg.com/images/g/hyUAAeSwx9pqq1uz/s-l960.webp
Bardock;UGM8-007;Super Rare;Ultra God Mission 8;3 Estrellas;Japonés;Slightly Played (SP);Super Dragon Ball HEROES;1.5;10;VERDADERO;https://i.ebayimg.com/images/g/8ssAAeSwdIRqq1ux/s-l960.webp
Androide 8 (Octavio);UGM8-013;Super Rare;Ultra God Mission 8;3 Estrellas;Japonés;Slightly Played (SP);Super Dragon Ball HEROES;1.5;8;VERDADERO;https://i.ebayimg.com/images/g/6YAAAOSwYx5kcKJQ/s-l1600.webp
Goku ssj;UGM8-014;Super Rare;Ultra God Mission 8;3 Estrellas;Japonés;Slightly Played (SP);Super Dragon Ball HEROES;1.5;5;VERDADERO;https://i.ebayimg.com/images/g/6YAAAOSwYx5kcKJQ/s-l1600.webp
Gotenks ssj 3;UGM8-017;Super Rare;Ultra God Mission 8;3 Estrellas;Japonés;Slightly Played (SP);Super Dragon Ball HEROES;1.5;8;VERDADERO;https://i.ebayimg.com/images/g/4h8AAeSwVCxqq1ui/s-l960.webp
Trunks ssj;UGM8-018;Super Rare;Ultra God Mission 8;3 Estrellas;Japonés;Slightly Played (SP);Super Dragon Ball HEROES;1.5;12;VERDADERO;https://i.ebayimg.com/images/g/4hIAAeSwVCxqq1uh/s-l960.webp
Videl;UGM8-019;Super Rare;Ultra God Mission 8;3 Estrellas;Japonés;Slightly Played (SP);Super Dragon Ball HEROES;1.5;8;VERDADERO;https://i.ebayimg.com/images/g/mTsAAeSwWt1qq1tq/s-l960.webp
Majin Robelu;UGM8-056;Super Rare;Ultra God Mission 8;3 Estrellas;Japonés;Slightly Played (SP);Super Dragon Ball HEROES;1.5;20;VERDADERO;https://i.ebayimg.com/images/g/J9cAAeSwEkpqtLGC/s-l1600.webp
Gohan ssj del futuro;UGM8-060;Super Rare;Ultra God Mission 8;3 Estrellas;Japonés;Slightly Played (SP);Super Dragon Ball HEROES;1.5;8;VERDADERO;https://i.ebayimg.com/images/g/rcgAAeSw~H9qq1vB/s-l960.webp
Chilled maligno;UGM8-061;Super Rare;Ultra God Mission 8;3 Estrellas;Japonés;Slightly Played (SP);Super Dragon Ball HEROES;1.5;20;VERDADERO;https://i.ebayimg.com/images/g/vK0AAeSwj7pqq1u4/s-l960.webp
Goku;UGM8-064;Super Rare;Ultra God Mission 8;3 Estrellas;Japonés;Slightly Played (SP);Super Dragon Ball HEROES;1.5;8;VERDADERO;https://i.ebayimg.com/images/g/qgIAAeSwHWVqq1uq/s-l960.webp
Goku ssj 3;UGM9-014;Super Rare;Ultra God Mission 9;3 Estrellas;Japonés;Slightly Played (SP);Super Dragon Ball HEROES;1.5;8;VERDADERO;https://i.ebayimg.com/images/g/tBUAAeSwy3Fqq1wK/s-l960.webp
Gohan;UGM9-015;Super Rare;Ultra God Mission 9;3 Estrellas;Japonés;Slightly Played (SP);Super Dragon Ball HEROES;1.5;8;VERDADERO;https://i.ebayimg.com/images/g/xrwAAeSwnLRqq1xK/s-l960.webp
Veggeto ssj;UGM9-019;Super Rare;Ultra God Mission 9;3 Estrellas;Japonés;Slightly Played (SP);Super Dragon Ball HEROES;1.5;3;VERDADERO;https://i.ebayimg.com/images/g/GgYAAeSw1xZqtLBN/s-l1600.webp
Gran Kaio-shin (Dai Kaioshin);UGM9-027;Super Rare;Ultra God Mission 9;3 Estrellas;Japonés;Slightly Played (SP);Super Dragon Ball HEROES;1.5;11;VERDADERO;https://i.ebayimg.com/images/g/CasAAeSwbbpqq1xQ/s-l960.webp
Pan;UGM9-045;Super Rare;Ultra God Mission 9;3 Estrellas;Japonés;Slightly Played (SP);Super Dragon Ball HEROES;1.5;3;VERDADERO;https://i.ebayimg.com/images/g/xCEAAOSwvJ9oUmVy/s-l1600.webp
Black (Warrior in Black);UGM9-058;Super Rare;Ultra God Mission 9;3 Estrellas;Japonés;Slightly Played (SP);Super Dragon Ball HEROES;1.5;12;VERDADERO;https://i.ebayimg.com/images/g/wCkAAeSwZXtqq1xY/s-l960.webp
Gohan ssj del futuro;UGM9-060;Super Rare;Ultra God Mission 9;3 Estrellas;Japonés;Slightly Played (SP);Super Dragon Ball HEROES;1.5;16;VERDADERO;https://i.ebayimg.com/images/g/VX0AAeSwKYJqq1xP/s-l960.webp
Demon Goddess Robelu / Majin Robelu;UGM9-065;Super Rare;Ultra God Mission 9;3 Estrellas;Japonés;Slightly Played (SP);Super Dragon Ball HEROES;1.5;15;VERDADERO;https://i.ebayimg.com/images/g/wGUAAeSwMXRqq1xA/s-l960.webp
Majin Salsa;UGM9-066;Super Rare;Ultra God Mission 9;3 Estrellas;Japonés;Slightly Played (SP);Super Dragon Ball HEROES;1.5;16;VERDADERO;https://i.ebayimg.com/images/g/88AAAeSwsKFqq1xX/s-l960.webp
Majin Putine ;UGM9-067;Super Rare;Ultra God Mission 9;3 Estrellas;Japonés;Slightly Played (SP);Super Dragon Ball HEROES;1.5;12;VERDADERO;https://i.ebayimg.com/images/g/IYgAAeSwq8Rqq1xL/s-l960.webp
Maestro Roshi;UGM10-014;Super Rare;Ultra God Mission 10;3 Estrellas;Japonés;Slightly Played (SP);Super Dragon Ball HEROES;1.5;6;VERDADERO;https://i.ebayimg.com/images/g/IYgAAeSwq8Rqq1xL/s-l960.webp
Ten shin han;UGM10-015;Super Rare;Ultra God Mission 10;3 Estrellas;Japonés;Slightly Played (SP);Super Dragon Ball HEROES;1.5;3;VERDADERO;https://i.ebayimg.com/images/g/4UkAAeSwtMVqq1z~/s-l1600.webp
Goku ssj;UGM10-022;Super Rare;Ultra God Mission 10;3 Estrellas;Japonés;Slightly Played (SP);Super Dragon Ball HEROES;1.5;6;VERDADERO;https://i.ebayimg.com/images/g/H3MAAOSwMdloUJVk/s-l1600.webp
Nappa;UGM10-028;Super Rare;Ultra God Mission 10;3 Estrellas;Japonés;Slightly Played (SP);Super Dragon Ball HEROES;1.5;7;VERDADERO;https://i.ebayimg.com/images/g/2wAAAeSwTctqq1z7/s-l1600.webp
Trunks ssj;UGM10-042;Super Rare;Ultra God Mission 10;3 Estrellas;Japonés;Slightly Played (SP);Super Dragon Ball HEROES;1.5;4;VERDADERO;https://i.ebayimg.com/images/g/2wAAAeSwTctqq1z7/s-l1600.webp
Goku Xeno ssj 4;UGM10-047;Super Rare;Ultra God Mission 10;3 Estrellas;Japonés;Slightly Played (SP);Super Dragon Ball HEROES;1.5;4;VERDADERO;https://i.ebayimg.com/thumbs/images/g/DDoAAeSwkxFqq10B/s-l300.webp
Pan Xeno;UGM10-051;Super Rare;Ultra God Mission 10;3 Estrellas;Japonés;Slightly Played (SP);Super Dragon Ball HEROES;1.5;8;VERDADERO;https://i.ebayimg.com/images/g/RNIAAeSwE6lqq1z8/s-l1600.webp
Piccolo;UGM10-063;Super Rare;Ultra God Mission 10;3 Estrellas;Japonés;Slightly Played (SP);Super Dragon Ball HEROES;1.5;8;VERDADERO;https://i.ebayimg.com/images/g/c6AAAeSwQ59qq1zl/s-l1600.webp
Piccolo;UGM10-064;Super Rare;Ultra God Mission 10;3 Estrellas;Japonés;Slightly Played (SP);Super Dragon Ball HEROES;1.5;8;VERDADERO;https://i.ebayimg.com/images/g/cCEAAOSwvQhoUKCO/s-l1600.webp
Pan;UGM10-065;Super Rare;Ultra God Mission 10;3 Estrellas;Japonés;Slightly Played (SP);Super Dragon Ball HEROES;1.5;4;VERDADERO;https://i.ebayimg.com/images/g/F2kAAeSwZ8Vo~lfF/s-l1600.webp
Gamma 1;UGM10-066;Super Rare;Ultra God Mission 10;3 Estrellas;Japonés;Slightly Played (SP);Super Dragon Ball HEROES;1.5;3;VERDADERO;https://i.ebayimg.com/images/g/NIAAAeSwcGZqq1z0/s-l1600.webp
Magenta ;UGM10-068;Super Rare;Ultra God Mission 10;3 Estrellas;Japonés;Slightly Played (SP);Super Dragon Ball HEROES;1.5;5;VERDADERO;https://i.ebayimg.com/images/g/QpsAAeSwchBqq10G/s-l1600.webp
Equipo universo 7;UM1-024;Super Rare; Universe Mission 1;3 Estrellas;Japonés;Slightly Played (SP);Super Dragon Ball HEROES;1.5;3;VERDADERO;https://i.ebayimg.com/images/g/-KgAAeSwNPJqq05A/s-l960.webp
Hit;UM1-034;Super Rare; Universe Mission 1;3 Estrellas;Japonés;Slightly Played (SP);Super Dragon Ball HEROES;1.5;2;VERDADERO;https://i.ebayimg.com/images/g/sRUAAeSwA8Fqq054/s-l960.webp
Goku Xeno ssj;UM1-047;Super Rare; Universe Mission 1;3 Estrellas;Japonés;Slightly Played (SP);Super Dragon Ball HEROES;1.5;3;VERDADERO;https://i.ebayimg.com/images/g/DtUAAeSwm3xqq03d/s-l960.webp
Vegeta;UM1-055;Super Rare; Universe Mission 1;3 Estrellas;Japonés;Slightly Played (SP);Super Dragon Ball HEROES;1.5;3;VERDADERO;https://i.ebayimg.com/images/g/REAAAOSwoYFbqS~Y/s-l1600.webp
Trunks;UM1-057;Super Rare; Universe Mission 1;3 Estrellas;Japonés;Slightly Played (SP);Super Dragon Ball HEROES;1.5;1;VERDADERO;https://i.ebayimg.com/images/g/Dn0AAeSw7LZqq04U/s-l960.webp
Vegeta;UM2-033;Super Rare; Universe Mission 2;3 Estrellas;Japonés;Slightly Played (SP);Super Dragon Ball HEROES;1.5;2;VERDADERO;https://i.ebayimg.com/images/g/y4oAAeSwiyFqq01C/s-l960.webp
Trunks;UM2-035;Super Rare; Universe Mission 2;3 Estrellas;Japonés;Slightly Played (SP);Super Dragon Ball HEROES;1.5;1;VERDADERO;https://i.ebayimg.com/images/g/8WkAAeSwyCpqq02L/s-l960.webp
Androide 16;UM2-056;Super Rare; Universe Mission 2;3 Estrellas;Japonés;Slightly Played (SP);Super Dragon Ball HEROES;1.5;1;VERDADERO;https://i.ebayimg.com/images/g/~-wAAeSw7k9qq02~/s-l960.webp
Yi Xing Long;UM3-029;Super Rare; Universe Mission 3;3 Estrellas;Japonés;Slightly Played (SP);Super Dragon Ball HEROES;1.5;1;VERDADERO;https://i.ebayimg.com/images/g/UKIAAeSwl9hqq1Kp/s-l960.webp
Trunks ssj 2;UM3-040;Super Rare; Universe Mission 3;3 Estrellas;Japonés;Slightly Played (SP);Super Dragon Ball HEROES;1.5;2;VERDADERO;https://i.ebayimg.com/images/g/At0AAeSwPKNqq02R/s-l960.webp
Super Janemba;UM3-058;Super Rare; Universe Mission 3;3 Estrellas;Japonés;Slightly Played (SP);Super Dragon Ball HEROES;1.5;1;VERDADERO;https://i.ebayimg.com/images/g/FzMAAeSwZkVqq03B/s-l960.webp
Vegeta ssj;UM3-062;Super Rare; Universe Mission 3;3 Estrellas;Japonés;Slightly Played (SP);Super Dragon Ball HEROES;1.5;1;VERDADERO;https://i.ebayimg.com/images/g/~bQAAeSwSaNqq01I/s-l960.webp
Goku Black Rose;UM3-067;Super Rare; Universe Mission 3;3 Estrellas;Japonés;Slightly Played (SP);Super Dragon Ball HEROES;1.5;1;VERDADERO;https://i.ebayimg.com/images/g/gEYAAOSwRF1b-84z/s-l1600.webp
Gohan;UM4-018;Super Rare; Universe Mission 4;3 Estrellas;Japonés;Slightly Played (SP);Super Dragon Ball HEROES;1.5;2;VERDADERO;https://i.ebayimg.com/images/g/moMAAeSwvoBqq03n/s-l960.webp
Vegeta Xeno ssj;UM4-030;Super Rare; Universe Mission 4;3 Estrellas;Japonés;Slightly Played (SP);Super Dragon Ball HEROES;1.5;1;VERDADERO;https://i.ebayimg.com/images/g/zwwAAeSwx9pqq04J/s-l960.webp
Si Xing Long Xeno;UM4-037;Super Rare; Universe Mission 4;3 Estrellas;Japonés;Slightly Played (SP);Super Dragon Ball HEROES;1.5;2;VERDADERO;https://i.ebayimg.com/images/g/zwwAAeSwx9pqq04J/s-l960.webp
Vegeta ssj;UM4-045;Super Rare; Universe Mission 4;3 Estrellas;Japonés;Slightly Played (SP);Super Dragon Ball HEROES;1.5;1;VERDADERO;https://i.ebayimg.com/images/g/~-8AAeSwZsZqq04b/s-l960.webp
Vegeta;UM5-053;Super Rare; Universe Mission 5;3 Estrellas;Japonés;Slightly Played (SP);Super Dragon Ball HEROES;1.5;2;VERDADERO;https://i.ebayimg.com/images/g/uxwAAeSw~n5qq01B/s-l960.webp
Equipo z;UM6-023;Super Rare; Universe Mission 6;3 Estrellas;Japonés;Slightly Played (SP);Super Dragon Ball HEROES;1.5;1;VERDADERO;https://i.ebayimg.com/images/g/xpYAAeSwqmVqq01X/s-l960.webp
Kale ;UM6-043;Super Rare; Universe Mission 6;3 Estrellas;Japonés;Slightly Played (SP);Super Dragon Ball HEROES;1.5;3;VERDADERO;https://i.ebayimg.com/images/g/Vv8AAeSwwlhqq1Ka/s-l960.webp
Goku ssj Dios;UM6-049;Super Rare; Universe Mission 6;3 Estrellas;Japonés;Slightly Played (SP);Super Dragon Ball HEROES;1.5;3;VERDADERO;https://i.ebayimg.com/images/g/dM0AAeSwcGZqq00o/s-l960.webp
Lemo;UM6-067;Super Rare; Universe Mission 6;3 Estrellas;Japonés;Slightly Played (SP);Super Dragon Ball HEROES;1.5;2;VERDADERO;https://i.ebayimg.com/images/g/RsUAAeSwW2dqq1Gj/s-l960.webp
Chirai (Cheelai);UM6-068;Super Rare; Universe Mission 6;3 Estrellas;Japonés;Slightly Played (SP);Super Dragon Ball HEROES;1.5;1;VERDADERO;https://i.ebayimg.com/images/g/nXQAAeSw~dlqq1Fl/s-l960.webp
Demigra ;UM7-041;Super Rare; Universe Mission 7;3 Estrellas;Japonés;Slightly Played (SP);Super Dragon Ball HEROES;1.5;2;VERDADERO;https://i.ebayimg.com/images/g/3TgAAOSwHxRdkSvY/s-l1600.webp
Robelu ;UM7-042;Super Rare; Universe Mission 7;3 Estrellas;Japonés;Slightly Played (SP);Super Dragon Ball HEROES;1.5;1;VERDADERO;https://i.ebayimg.com/images/g/G24AAOSwxVhc3xqc/s-l1600.webp
Caulifla: Oren;UM7-057;Super Rare; Universe Mission 7;3 Estrellas;Japonés;Slightly Played (SP);Super Dragon Ball HEROES;1.5;1;VERDADERO;https://i.ebayimg.com/images/g/~oAAAeSwcGNog9Al/s-l1600.webp
Helles (Heles / Jerez);UM8-030;Super Rare; Universe Mission 8;3 Estrellas;Japonés;Slightly Played (SP);Super Dragon Ball HEROES;1.5;1;VERDADERO;https://i.ebayimg.com/images/g/SB8AAeSwHYBqq1Kc/s-l960.webp
Champa;UM8-031;Super Rare; Universe Mission 8;3 Estrellas;Japonés;Slightly Played (SP);Super Dragon Ball HEROES;1.5;3;VERDADERO;https://i.ebayimg.com/images/g/UacAAeSwx6lqq1Ki/s-l960.webp
Goku ;UM8-049;Super Rare; Universe Mission 8;3 Estrellas;Japonés;Slightly Played (SP);Super Dragon Ball HEROES;1.5;3;VERDADERO;https://japanfewccfcardgameshop.com/cdn/shop/products/IMG_0430_w500_375x500.png?v=1616214489
Majin Ozotto ;UM8-058;Super Rare; Universe Mission 8;3 Estrellas;Japonés;Slightly Played (SP);Super Dragon Ball HEROES;1.5;1;VERDADERO;https://japanfewccfcardgameshop.com/cdn/shop/products/IMG_3077_w500_b7f0e51c-ea08-4e04-a502-6a9f65c77925_375x500.png?v=1634625296
Oren;UM8-061;Super Rare; Universe Mission 8;3 Estrellas;Japonés;Slightly Played (SP);Super Dragon Ball HEROES;1.5;1;VERDADERO;https://i.ebayimg.com/images/g/VyYAAeSwOCtqlwNp/s-l1600.webp
Goku ssj 3 Gt;UM9-024;Super Rare; Universe Mission 9;3 Estrellas;Japonés;Slightly Played (SP);Super Dragon Ball HEROES;1.5;1;VERDADERO;https://i.ebayimg.com/images/g/DegAAeSwj7pqq007/s-l960.webp
Golden Freezer;UM9-043;Super Rare; Universe Mission 9;3 Estrellas;Japonés;Slightly Played (SP);Super Dragon Ball HEROES;1.5;2;VERDADERO;https://i.ebayimg.com/images/g/xpcAAeSwx9pqq02C/s-l960.webp
Majin Putine;UM9-044;Super Rare; Universe Mission 9;3 Estrellas;Japonés;Slightly Played (SP);Super Dragon Ball HEROES;1.5;1;VERDADERO;https://i.ebayimg.com/images/g/bsMAAeSwrgpqq1LD/s-l960.webp
Majin Gravy;UM9-045;Super Rare; Universe Mission 9;3 Estrellas;Japonés;Slightly Played (SP);Super Dragon Ball HEROES;1.5;3;VERDADERO;https://i.ebayimg.com/images/g/bsMAAeSwrgpqq1LD/s-l960.webp
Vegeta Xeno ssj 3;UM10-037;Super Rare; Universe Mission 10;3 Estrellas;Japonés;Slightly Played (SP);Super Dragon Ball HEROES;1.5;2;VERDADERO;https://i.ebayimg.com/images/g/ymEAAeSwRMlqq01P/s-l960.webp
Trunks Xeno ssj 3;UM10-039;Super Rare; Universe Mission 10;3 Estrellas;Japonés;Slightly Played (SP);Super Dragon Ball HEROES;1.5;1;VERDADERO;https://i.ebayimg.com/images/g/zz4AAeSwfEZqpbZ1/s-l1600.webp
Demigra ;UM10-040;Super Rare; Universe Mission 10;3 Estrellas;Japonés;Slightly Played (SP);Super Dragon Ball HEROES;1.5;2;VERDADERO;https://i.ebayimg.com/images/g/w-IAAeSwMH9qq1Jp/s-l960.webp
Goku ssj Dios;UM10-048;Super Rare; Universe Mission 10;3 Estrellas;Japonés;Slightly Played (SP);Super Dragon Ball HEROES;1.5;1;VERDADERO;https://i.ebayimg.com/images/g/4z8AAeSwVbhqq01F/s-l960.webp
Jiren;UM10-055;Super Rare; Universe Mission 10;3 Estrellas;Japonés;Slightly Played (SP);Super Dragon Ball HEROES;1.5;2;VERDADERO;https://i.ebayimg.com/images/g/0aMAAeSwi8lqq03D/s-l960.webp
Lagss (Rags);UM10-057;Super Rare; Universe Mission 10;3 Estrellas;Japonés;Slightly Played (SP);Super Dragon Ball HEROES;1.5;3;VERDADERO;https://i.ebayimg.com/images/g/P~YAAOSwlT9lhhhQ/s-l1600.webp
Piccolo Daimaoh (Rey Demonio Piccolo);UM11-015;Super Rare; Universe Mission 11;3 Estrellas;Japonés;Slightly Played (SP);Super Dragon Ball HEROES;1.5;1;VERDADERO;https://i.ebayimg.com/images/g/JG8AAeSwXf5qq02R/s-l960.webp
Slug;UM11-019;Super Rare; Universe Mission 11;3 Estrellas;Japonés;Slightly Played (SP);Super Dragon Ball HEROES;1.5;2;VERDADERO;https://i.ebayimg.com/images/g/ZXcAAeSwsntqq1LD/s-l960.webp
Robel (Robelu);UM11-043;Super Rare; Universe Mission 11;3 Estrellas;Japonés;Slightly Played (SP);Super Dragon Ball HEROES;1.5;1;VERDADERO;https://i.ebayimg.com/images/g/mB4AAeSwOZRqq1LA/s-l960.webp
Demigra (Majin / Demon God);UM11-044;Super Rare; Universe Mission 11;3 Estrellas;Japonés;Slightly Played (SP);Super Dragon Ball HEROES;1.5;2;VERDADERO;https://i.ebayimg.com/images/g/bqkAAeSwGdhqq1K8/s-l960.webp
Towa (Majin Towa);UM11-045;Super Rare; Universe Mission 11;3 Estrellas;Japonés;Slightly Played (SP);Super Dragon Ball HEROES;1.5;1;VERDADERO;https://i.ebayimg.com/images/g/t68AAeSwbLhqmZ9~/s-l1600.webp
 Majin Dabura: Xeno;UM11-046;Super Rare; Universe Mission 11;3 Estrellas;Japonés;Slightly Played (SP);Super Dragon Ball HEROES;1.5;3;VERDADERO;https://i.ebayimg.com/images/g/RkwAAeSwZsZqq1K7/s-l960.webp
Lagss (Ragusu).;UM11-054;Super Rare; Universe Mission 11;3 Estrellas;Japonés;Slightly Played (SP);Super Dragon Ball HEROES;1.5;1;VERDADERO;https://i.ebayimg.com/images/g/BrEAAeSwZD1qte0f/s-l960.webp
Jaco ;UM11-058;Super Rare; Universe Mission 11;3 Estrellas;Japonés;Slightly Played (SP);Super Dragon Ball HEROES;1.5;4;VERDADERO;https://i.ebayimg.com/images/g/C6wAAeSw6EJqq1LJ/s-l960.webp
Vegeta;UM12-020;Super Rare; Universe Mission 12;3 Estrellas;Japonés;Slightly Played (SP);Super Dragon Ball HEROES;1.5;1;VERDADERO;https://i.ebayimg.com/images/g/RR4AAeSwYD5qq018/s-l960.webp
Trunks ssj;UM12-034;Super Rare; Universe Mission 12;3 Estrellas;Japonés;Slightly Played (SP);Super Dragon Ball HEROES;1.5;4;VERDADERO;https://i.ebayimg.com/images/g/9SUAAeSwWP1qq02y/s-l960.webp
Hit;UM12-062;Super Rare; Universe Mission 12;3 Estrellas;Japonés;Slightly Played (SP);Super Dragon Ball HEROES;1.5;2;VERDADERO;https://i.ebayimg.com/images/g/OmwAAOSwfRxl7M-H/s-l960.webp
Broly ssj;UM12-068;Super Rare; Universe Mission 12;3 Estrellas;Japonés;Slightly Played (SP);Super Dragon Ball HEROES;1.5;1;VERDADERO;https://i.ebayimg.com/images/g/8zUAAeSwlspqq02x/s-l960.webp
N 17;UMP-06;Rare;Universe Mission P;Promocional;Japonés;Slightly Played (SP);Super Dragon Ball HEROES;1.5;1;VERDADERO;https://i.ebayimg.com/images/g/Uz4AAOSwWxle3LLP/s-l1600.webp
Paragus;UMP-53;Common;Universe Mission P;Promocional;Japonés;Slightly Played (SP);Super Dragon Ball HEROES;1.5;1;VERDADERO;https://i.ebayimg.com/images/g/49AAAOSw2IVdBCif/s-l1600.webp
Zamasu Ciborg;UMP-73;Rare;Universe Mission P;Promocional;Japonés;Slightly Played (SP);Super Dragon Ball HEROES;1.5;1;VERDADERO;https://i.ebayimg.com/images/g/C-YAAOSwCMJgd10C/s-l1600.webp
Summoned Skull ;BLGG-EN001;Secret Rare;Battles of Legend: Glorious Gallery;1st Edition;Ingles;;Yu-Gi-Oh;;;;https://tcgplayer-cdn.tcgplayer.com/product/695556_in_800x800.jpg
Summoned Skull (Starlight Rare) ;BLGG-EN001;Starlight Rare;Battles of Legend: Glorious Gallery;1st Edition;Ingles;;Yu-Gi-Oh;;;;https://tcgplayer-cdn.tcgplayer.com/product/696514_in_800x800.jpg
Exodia the Forbidden One ;BLGG-EN002;Secret Rare;Battles of Legend: Glorious Gallery;1st Edition;Ingles;;Yu-Gi-Oh;;;;https://tcgplayer-cdn.tcgplayer.com/product/695557_in_800x800.jpg
;;;Battles of Legend: Glorious Gallery;1st Edition;;;Yu-Gi-Oh;;;;
Exodia the Forbidden One (Starlight Rare) ;BLGG-EN002;Starlight Rare;Battles of Legend: Glorious Gallery;1st Edition;Ingles;;Yu-Gi-Oh;;;;https://tcgplayer-cdn.tcgplayer.com/product/696507_in_800x800.jpg
;;;Battles of Legend: Glorious Gallery;1st Edition;;;Yu-Gi-Oh;;;;
Dark Magician Girl ;BLGG-EN003;Secret Rare;Battles of Legend: Glorious Gallery;1st Edition;Ingles;;Yu-Gi-Oh;;;;https://tcgplayer-cdn.tcgplayer.com/product/695558_in_800x800.jpg
;;;Battles of Legend: Glorious Gallery;1st Edition;;;Yu-Gi-Oh;;;;
Dark Magician Girl (Starlight Rare) ;BLGG-EN003;Starlight Rare;Battles of Legend: Glorious Gallery;1st Edition;Ingles;;Yu-Gi-Oh;;;;https://tcgplayer-cdn.tcgplayer.com/product/695559_in_800x800.jpg
;;;Battles of Legend: Glorious Gallery;1st Edition;;;Yu-Gi-Oh;;;;
Vampire Lord ;BLGG-EN004;Secret Rare;Battles of Legend: Glorious Gallery;1st Edition;Ingles;;Yu-Gi-Oh;;;;https://tcgplayer-cdn.tcgplayer.com/product/695560_in_800x800.jpg
;;;Battles of Legend: Glorious Gallery;1st Edition;;;Yu-Gi-Oh;;;;
Vampire Lord (Starlight Rare) ;BLGG-EN004;Starlight Rare;Battles of Legend: Glorious Gallery;1st Edition;Ingles;;Yu-Gi-Oh;;;;https://tcgplayer-cdn.tcgplayer.com/product/696517_in_800x800.jpg
;;;Battles of Legend: Glorious Gallery;1st Edition;;;Yu-Gi-Oh;;;;
Tour Guide From the Underworld ;BLGG-EN005;Secret Rare;Battles of Legend: Glorious Gallery;1st Edition;Ingles;;Yu-Gi-Oh;;;;https://tcgplayer-cdn.tcgplayer.com/product/695561_in_800x800.jpg
;;;Battles of Legend: Glorious Gallery;1st Edition;;;Yu-Gi-Oh;;;;
Tour Guide From the Underworld (Starlight Rare) ;BLGG-EN005;Starlight Rare;Battles of Legend: Glorious Gallery;1st Edition;Ingles;;Yu-Gi-Oh;;;;https://tcgplayer-cdn.tcgplayer.com/product/696516_in_800x800.jpg
;;;Battles of Legend: Glorious Gallery;1st Edition;;;Yu-Gi-Oh;;;;
El Shaddoll Construct ;BLGG-EN006;Secret Rare;Battles of Legend: Glorious Gallery;1st Edition;Ingles;;Yu-Gi-Oh;;;;https://tcgplayer-cdn.tcgplayer.com/product/695562_in_800x800.jpg
;;;Battles of Legend: Glorious Gallery;1st Edition;;;Yu-Gi-Oh;;;;
El Shaddoll Construct (Starlight Rare) ;BLGG-EN006;Starlight Rare;Battles of Legend: Glorious Gallery;1st Edition;Ingles;;Yu-Gi-Oh;;;;https://tcgplayer-cdn.tcgplayer.com/product/696504_in_800x800.jpg
;;;Battles of Legend: Glorious Gallery;1st Edition;;;Yu-Gi-Oh;;;;
Legendary Six Samurai - Shi En ;BLGG-EN007;Secret Rare;Battles of Legend: Glorious Gallery;1st Edition;Ingles;;Yu-Gi-Oh;;;;https://tcgplayer-cdn.tcgplayer.com/product/695563_in_800x800.jpg
;;;Battles of Legend: Glorious Gallery;1st Edition;;;Yu-Gi-Oh;;;;
Legendary Six Samurai - Shi En (Starlight Rare) ;BLGG-EN007;Starlight Rare;Battles of Legend: Glorious Gallery;1st Edition;Ingles;;Yu-Gi-Oh;;;;https://tcgplayer-cdn.tcgplayer.com/product/696629_in_800x800.jpg
;;;Battles of Legend: Glorious Gallery;1st Edition;;;Yu-Gi-Oh;;;;
Evolzar Laggia ;BLGG-EN008;Secret Rare;Battles of Legend: Glorious Gallery;1st Edition;Ingles;;Yu-Gi-Oh;;;;https://tcgplayer-cdn.tcgplayer.com/product/695564_in_800x800.jpg
;;;Battles of Legend: Glorious Gallery;1st Edition;;;Yu-Gi-Oh;;;;
Evolzar Laggia (Starlight Rare) ;BLGG-EN008;Starlight Rare;Battles of Legend: Glorious Gallery;1st Edition;Ingles;;Yu-Gi-Oh;;;;https://tcgplayer-cdn.tcgplayer.com/product/696506_in_800x800.jpg
;;;Battles of Legend: Glorious Gallery;1st Edition;;;Yu-Gi-Oh;;;;
Constellar Ptolemy M7 ;BLGG-EN009;Secret Rare;Battles of Legend: Glorious Gallery;1st Edition;Ingles;;Yu-Gi-Oh;;;;https://tcgplayer-cdn.tcgplayer.com/product/695565_in_800x800.jpg
;;;Battles of Legend: Glorious Gallery;1st Edition;;;Yu-Gi-Oh;;;;
Constellar Ptolemy M7 (Starlight Rare) ;BLGG-EN009;Starlight Rare;Battles of Legend: Glorious Gallery;1st Edition;Ingles;;Yu-Gi-Oh;;;;https://tcgplayer-cdn.tcgplayer.com/product/696502_in_800x800.jpg
;;;Battles of Legend: Glorious Gallery;1st Edition;;;Yu-Gi-Oh;;;;
Stellarknight Delteros ;BLGG-EN010;Secret Rare;Battles of Legend: Glorious Gallery;1st Edition;Ingles;;Yu-Gi-Oh;;;;https://tcgplayer-cdn.tcgplayer.com/product/695566_in_800x800.jpg
;;;Battles of Legend: Glorious Gallery;1st Edition;;;Yu-Gi-Oh;;;;
Stellarknight Delteros (Starlight Rare) ;BLGG-EN010;Starlight Rare;Battles of Legend: Glorious Gallery;1st Edition;Ingles;;Yu-Gi-Oh;;;;https://tcgplayer-cdn.tcgplayer.com/product/698310_in_800x800.jpg
;;;Battles of Legend: Glorious Gallery;1st Edition;;;Yu-Gi-Oh;;;;
Dragunity Quirinus ;BLGG-EN011;Secret Rare;Battles of Legend: Glorious Gallery;1st Edition;Ingles;;Yu-Gi-Oh;;;;https://tcgplayer-cdn.tcgplayer.com/product/695567_in_800x800.jpg
;;;Battles of Legend: Glorious Gallery;1st Edition;;;Yu-Gi-Oh;;;;
Dragunity Falchion ;BLGG-EN012;Ultra Rare;Battles of Legend: Glorious Gallery;1st Edition;Ingles;;Yu-Gi-Oh;;;;https://tcgplayer-cdn.tcgplayer.com/product/695568_in_800x800.jpg
;;;Battles of Legend: Glorious Gallery;1st Edition;;;Yu-Gi-Oh;;;;
Dragunity Knight - Areus ;BLGG-EN013;Secret Rare;Battles of Legend: Glorious Gallery;1st Edition;Ingles;;Yu-Gi-Oh;;;;https://tcgplayer-cdn.tcgplayer.com/product/695569_in_800x800.jpg
;;;Battles of Legend: Glorious Gallery;1st Edition;;;Yu-Gi-Oh;;;;
Dragunity Lord - Georgius ;BLGG-EN014;Secret Rare;Battles of Legend: Glorious Gallery;1st Edition;Ingles;;Yu-Gi-Oh;;;;https://tcgplayer-cdn.tcgplayer.com/product/695570_in_800x800.jpg
;;;Battles of Legend: Glorious Gallery;1st Edition;;;Yu-Gi-Oh;;;;
Dragunity Lord - Georgius (Starlight Rare) ;BLGG-EN014;Starlight Rare;Battles of Legend: Glorious Gallery;1st Edition;Ingles;;Yu-Gi-Oh;;;;https://tcgplayer-cdn.tcgplayer.com/product/696503_in_800x800.jpg
;;;Battles of Legend: Glorious Gallery;1st Edition;;;Yu-Gi-Oh;;;;
Dragunity Divine Wind ;BLGG-EN015;Ultra Rare;Battles of Legend: Glorious Gallery;1st Edition;Ingles;;Yu-Gi-Oh;;;;https://tcgplayer-cdn.tcgplayer.com/product/695571_in_800x800.jpg
;;;Battles of Legend: Glorious Gallery;1st Edition;;;Yu-Gi-Oh;;;;
Constellar Castor ;BLGG-EN016;Secret Rare;Battles of Legend: Glorious Gallery;1st Edition;Ingles;;Yu-Gi-Oh;;;;https://tcgplayer-cdn.tcgplayer.com/product/695572_in_800x800.jpg
;;;Battles of Legend: Glorious Gallery;1st Edition;;;Yu-Gi-Oh;;;;
Tellarknight Cygnian ;BLGG-EN017;Secret Rare;Battles of Legend: Glorious Gallery;1st Edition;Ingles;;Yu-Gi-Oh;;;;https://tcgplayer-cdn.tcgplayer.com/product/695573_in_800x800.jpg
;;;Battles of Legend: Glorious Gallery;1st Edition;;;Yu-Gi-Oh;;;;
Exstellarknight Constellar Ptolemy Omega 7 ;BLGG-EN018;Secret Rare;Battles of Legend: Glorious Gallery;1st Edition;Ingles;;Yu-Gi-Oh;;;;https://tcgplayer-cdn.tcgplayer.com/product/695574_in_800x800.jpg
;;;Battles of Legend: Glorious Gallery;1st Edition;;;Yu-Gi-Oh;;;;
Exstellarknight Constellar Ptolemy Omega 7 (Starlight Rare) ;BLGG-EN018;Starlight Rare;Battles of Legend: Glorious Gallery;1st Edition;Ingles;;Yu-Gi-Oh;;;;https://tcgplayer-cdn.tcgplayer.com/product/696509_in_800x800.jpg
;;;Battles of Legend: Glorious Gallery;1st Edition;;;Yu-Gi-Oh;;;;
Tellarknight Constellar Delteros ;BLGG-EN019;Secret Rare;Battles of Legend: Glorious Gallery;1st Edition;Ingles;;Yu-Gi-Oh;;;;https://tcgplayer-cdn.tcgplayer.com/product/695575_in_800x800.jpg
;;;Battles of Legend: Glorious Gallery;1st Edition;;;Yu-Gi-Oh;;;;
Stellarnova Binding ;BLGG-EN020;Secret Rare;Battles of Legend: Glorious Gallery;1st Edition;Ingles;;Yu-Gi-Oh;;;;https://tcgplayer-cdn.tcgplayer.com/product/695576_in_800x800.jpg
;;;Battles of Legend: Glorious Gallery;1st Edition;;;Yu-Gi-Oh;;;;
Stellarnova Binding (Starlight Rare) ;BLGG-EN020;Starlight Rare;Battles of Legend: Glorious Gallery;1st Edition;Ingles;;Yu-Gi-Oh;;;;https://tcgplayer-cdn.tcgplayer.com/product/696519_in_800x800.jpg
;;;Battles of Legend: Glorious Gallery;1st Edition;;;Yu-Gi-Oh;;;;
Tohushaddoll Grysta ;BLGG-EN021;Secret Rare;Battles of Legend: Glorious Gallery;1st Edition;Ingles;;Yu-Gi-Oh;;;;https://tcgplayer-cdn.tcgplayer.com/product/695577_in_800x800.jpg
;;;Battles of Legend: Glorious Gallery;1st Edition;;;Yu-Gi-Oh;;;;
El Shaddoll Meshachrer ;BLGG-EN022;Secret Rare;Battles of Legend: Glorious Gallery;1st Edition;Ingles;;Yu-Gi-Oh;;;;https://tcgplayer-cdn.tcgplayer.com/product/695578_in_800x800.jpg
;;;Battles of Legend: Glorious Gallery;1st Edition;;;Yu-Gi-Oh;;;;
El Shaddoll Meshachrer (Starlight Rare) ;BLGG-EN022;Starlight Rare;Battles of Legend: Glorious Gallery;1st Edition;Ingles;;Yu-Gi-Oh;;;;https://tcgplayer-cdn.tcgplayer.com/product/696505_in_800x800.jpg
;;;Battles of Legend: Glorious Gallery;1st Edition;;;Yu-Gi-Oh;;;;
Reeshaddoll Wendikuruhu ;BLGG-EN023;Secret Rare;Battles of Legend: Glorious Gallery;1st Edition;Ingles;;Yu-Gi-Oh;;;;https://tcgplayer-cdn.tcgplayer.com/product/695579_in_800x800.jpg
;;;Battles of Legend: Glorious Gallery;1st Edition;;;Yu-Gi-Oh;;;;
Lev Shaddoll Fusion ;BLGG-EN024;Secret Rare;Battles of Legend: Glorious Gallery;1st Edition;Ingles;;Yu-Gi-Oh;;;;https://tcgplayer-cdn.tcgplayer.com/product/695580_in_800x800.jpg
;;;Battles of Legend: Glorious Gallery;1st Edition;;;Yu-Gi-Oh;;;;
Lev Shaddoll Fusion (Starlight Rare) ;BLGG-EN024;Starlight Rare;Battles of Legend: Glorious Gallery;1st Edition;Ingles;;Yu-Gi-Oh;;;;https://tcgplayer-cdn.tcgplayer.com/product/696511_in_800x800.jpg
;;;Battles of Legend: Glorious Gallery;1st Edition;;;Yu-Gi-Oh;;;;
Void Unleashing ;BLGG-EN025;Secret Rare;Battles of Legend: Glorious Gallery;1st Edition;Ingles;;Yu-Gi-Oh;;;;https://tcgplayer-cdn.tcgplayer.com/product/695581_in_800x800.jpg
;;;Battles of Legend: Glorious Gallery;1st Edition;;;Yu-Gi-Oh;;;;
Learning Elf ;BLGG-EN026;Secret Rare;Battles of Legend: Glorious Gallery;1st Edition;Ingles;;Yu-Gi-Oh;;;;https://tcgplayer-cdn.tcgplayer.com/product/695582_in_800x800.jpg
;;;Battles of Legend: Glorious Gallery;1st Edition;;;Yu-Gi-Oh;;;;
Armament Reincarnation ;BLGG-EN027;Ultra Rare;Battles of Legend: Glorious Gallery;1st Edition;Ingles;;Yu-Gi-Oh;;;;https://tcgplayer-cdn.tcgplayer.com/product/695583_in_800x800.jpg
;;;Battles of Legend: Glorious Gallery;1st Edition;;;Yu-Gi-Oh;;;;
Mirror Barrier ;BLGG-EN028;Secret Rare;Battles of Legend: Glorious Gallery;1st Edition;Ingles;;Yu-Gi-Oh;;;;https://tcgplayer-cdn.tcgplayer.com/product/695584_in_800x800.jpg
;;;Battles of Legend: Glorious Gallery;1st Edition;;;Yu-Gi-Oh;;;;
Masked HERO Fountain ;BLGG-EN029;Secret Rare;Battles of Legend: Glorious Gallery;1st Edition;Ingles;;Yu-Gi-Oh;;;;https://tcgplayer-cdn.tcgplayer.com/product/695585_in_800x800.jpg
;;;Battles of Legend: Glorious Gallery;1st Edition;;;Yu-Gi-Oh;;;;
Masked HERO Fountain (Starlight Rare) ;BLGG-EN029;Starlight Rare;Battles of Legend: Glorious Gallery;1st Edition;Ingles;;Yu-Gi-Oh;;;;https://tcgplayer-cdn.tcgplayer.com/product/696512_in_800x800.jpg
;;;Battles of Legend: Glorious Gallery;1st Edition;;;Yu-Gi-Oh;;;;
Poisonous Viper ;BLGG-EN030;Ultra Rare;Battles of Legend: Glorious Gallery;1st Edition;Ingles;;Yu-Gi-Oh;;;;https://tcgplayer-cdn.tcgplayer.com/product/695586_in_800x800.jpg
;;;Battles of Legend: Glorious Gallery;1st Edition;;;Yu-Gi-Oh;;;;
Fallen Angel in Darkness ;BLGG-EN031;Secret Rare;Battles of Legend: Glorious Gallery;1st Edition;Ingles;;Yu-Gi-Oh;;;;https://tcgplayer-cdn.tcgplayer.com/product/695587_in_800x800.jpg
;;;Battles of Legend: Glorious Gallery;1st Edition;;;Yu-Gi-Oh;;;;
Junk Armor ;BLGG-EN032;Secret Rare;Battles of Legend: Glorious Gallery;1st Edition;Ingles;;Yu-Gi-Oh;;;;https://tcgplayer-cdn.tcgplayer.com/product/695588_in_800x800.jpg
;;;Battles of Legend: Glorious Gallery;1st Edition;;;Yu-Gi-Oh;;;;
Junk Meister ;BLGG-EN033;Secret Rare;Battles of Legend: Glorious Gallery;1st Edition;Ingles;;Yu-Gi-Oh;;;;https://tcgplayer-cdn.tcgplayer.com/product/695589_in_800x800.jpg
;;;Battles of Legend: Glorious Gallery;1st Edition;;;Yu-Gi-Oh;;;;
Junk Meister (Starlight Rare) ;BLGG-EN033;Starlight Rare;Battles of Legend: Glorious Gallery;1st Edition;Ingles;;Yu-Gi-Oh;;;;https://tcgplayer-cdn.tcgplayer.com/product/696510_in_800x800.jpg
;;;Battles of Legend: Glorious Gallery;1st Edition;;;Yu-Gi-Oh;;;;
Over Tuning ;BLGG-EN034;Secret Rare;Battles of Legend: Glorious Gallery;1st Edition;Ingles;;Yu-Gi-Oh;;;;https://tcgplayer-cdn.tcgplayer.com/product/695590_in_800x800.jpg
;;;Battles of Legend: Glorious Gallery;1st Edition;;;Yu-Gi-Oh;;;;
Champion's Pulse ;BLGG-EN035;Secret Rare;Battles of Legend: Glorious Gallery;1st Edition;Ingles;;Yu-Gi-Oh;;;;https://tcgplayer-cdn.tcgplayer.com/product/695591_in_800x800.jpg
;;;Battles of Legend: Glorious Gallery;1st Edition;;;Yu-Gi-Oh;;;;
Gagaga Illusion ;BLGG-EN036;Ultra Rare;Battles of Legend: Glorious Gallery;1st Edition;Ingles;;Yu-Gi-Oh;;;;https://tcgplayer-cdn.tcgplayer.com/product/695592_in_800x800.jpg
;;;Battles of Legend: Glorious Gallery;1st Edition;;;Yu-Gi-Oh;;;;
Gagaga Escape ;BLGG-EN037;Ultra Rare;Battles of Legend: Glorious Gallery;1st Edition;Ingles;;Yu-Gi-Oh;;;;https://tcgplayer-cdn.tcgplayer.com/product/695593_in_800x800.jpg
;;;Battles of Legend: Glorious Gallery;1st Edition;;;Yu-Gi-Oh;;;;
Endless Bond ;BLGG-EN038;Ultra Rare;Battles of Legend: Glorious Gallery;1st Edition;Ingles;;Yu-Gi-Oh;;;;https://tcgplayer-cdn.tcgplayer.com/product/695594_in_800x800.jpg
;;;Battles of Legend: Glorious Gallery;1st Edition;;;Yu-Gi-Oh;;;;
Thorns of Violet Poison ;BLGG-EN039;Ultra Rare;Battles of Legend: Glorious Gallery;1st Edition;Ingles;;Yu-Gi-Oh;;;;https://tcgplayer-cdn.tcgplayer.com/product/695595_in_800x800.jpg
;;;Battles of Legend: Glorious Gallery;1st Edition;;;Yu-Gi-Oh;;;;
Penetration Fusion ;BLGG-EN040;Ultra Rare;Battles of Legend: Glorious Gallery;1st Edition;Ingles;;Yu-Gi-Oh;;;;https://tcgplayer-cdn.tcgplayer.com/product/695596_in_800x800.jpg
;;;Battles of Legend: Glorious Gallery;1st Edition;;;Yu-Gi-Oh;;;;
Surprise Fusion ;BLGG-EN041;Secret Rare;Battles of Legend: Glorious Gallery;1st Edition;Ingles;;Yu-Gi-Oh;;;;https://tcgplayer-cdn.tcgplayer.com/product/695597_in_800x800.jpg
;;;Battles of Legend: Glorious Gallery;1st Edition;;;Yu-Gi-Oh;;;;
Surprise Fusion (Starlight Rare) ;BLGG-EN041;Starlight Rare;Battles of Legend: Glorious Gallery;1st Edition;Ingles;;Yu-Gi-Oh;;;;https://tcgplayer-cdn.tcgplayer.com/product/696515_in_800x800.jpg
;;;Battles of Legend: Glorious Gallery;1st Edition;;;Yu-Gi-Oh;;;;
Genni, the Maid of Endymion ;BLGG-EN042;Ultra Rare;Battles of Legend: Glorious Gallery;1st Edition;Ingles;;Yu-Gi-Oh;;;;https://tcgplayer-cdn.tcgplayer.com/product/695598_in_800x800.jpg
;;;Battles of Legend: Glorious Gallery;1st Edition;;;Yu-Gi-Oh;;;;
Empire of Endymion ;BLGG-EN043;Secret Rare;Battles of Legend: Glorious Gallery;1st Edition;Ingles;;Yu-Gi-Oh;;;;https://tcgplayer-cdn.tcgplayer.com/product/695599_in_800x800.jpg
;;;Battles of Legend: Glorious Gallery;1st Edition;;;Yu-Gi-Oh;;;;
Arrow of Regulus ;BLGG-EN044;Ultra Rare;Battles of Legend: Glorious Gallery;1st Edition;Ingles;;Yu-Gi-Oh;;;;https://tcgplayer-cdn.tcgplayer.com/product/695600_in_800x800.jpg
;;;Battles of Legend: Glorious Gallery;1st Edition;;;Yu-Gi-Oh;;;;
Fallin' Cheatah ;BLGG-EN045;Ultra Rare;Battles of Legend: Glorious Gallery;1st Edition;Ingles;;Yu-Gi-Oh;;;;https://tcgplayer-cdn.tcgplayer.com/product/695601_in_800x800.jpg
;;;Battles of Legend: Glorious Gallery;1st Edition;;;Yu-Gi-Oh;;;;
Shadowreaver Knight 21 ;BLGG-EN046;Ultra Rare;Battles of Legend: Glorious Gallery;1st Edition;Ingles;;Yu-Gi-Oh;;;;https://tcgplayer-cdn.tcgplayer.com/product/695602_in_800x800.jpg
;;;Battles of Legend: Glorious Gallery;1st Edition;;;Yu-Gi-Oh;;;;
Pair Bear Scare!! ;BLGG-EN047;Ultra Rare;Battles of Legend: Glorious Gallery;1st Edition;Ingles;;Yu-Gi-Oh;;;;https://tcgplayer-cdn.tcgplayer.com/product/695603_in_800x800.jpg
;;;Battles of Legend: Glorious Gallery;1st Edition;;;Yu-Gi-Oh;;;;
First Striker Advantage ;BLGG-EN048;Ultra Rare;Battles of Legend: Glorious Gallery;1st Edition;Ingles;;Yu-Gi-Oh;;;;https://tcgplayer-cdn.tcgplayer.com/product/695604_in_800x800.jpg
;;;Battles of Legend: Glorious Gallery;1st Edition;;;Yu-Gi-Oh;;;;
Ebisu Shinsen Matsuri ;BLGG-EN049;Ultra Rare;Battles of Legend: Glorious Gallery;1st Edition;Ingles;;Yu-Gi-Oh;;;;https://tcgplayer-cdn.tcgplayer.com/product/695605_in_800x800.jpg
;;;Battles of Legend: Glorious Gallery;1st Edition;;;Yu-Gi-Oh;;;;
Regulus, the Prince of Endymion ;BLGG-EN050;Secret Rare;Battles of Legend: Glorious Gallery;1st Edition;Ingles;;Yu-Gi-Oh;;;;https://tcgplayer-cdn.tcgplayer.com/product/695606_in_800x800.jpg
;;;Battles of Legend: Glorious Gallery;1st Edition;;;Yu-Gi-Oh;;;;
Shapesnatch ;BLGG-EN051;Ultra Rare;Battles of Legend: Glorious Gallery;1st Edition;Ingles;;Yu-Gi-Oh;;;;https://tcgplayer-cdn.tcgplayer.com/product/695607_in_800x800.jpg
;;;Battles of Legend: Glorious Gallery;1st Edition;;;Yu-Gi-Oh;;;;
Sabersaurus ;BLGG-EN052;Ultra Rare;Battles of Legend: Glorious Gallery;1st Edition;Ingles;;Yu-Gi-Oh;;;;https://tcgplayer-cdn.tcgplayer.com/product/695608_in_800x800.jpg
;;;Battles of Legend: Glorious Gallery;1st Edition;;;Yu-Gi-Oh;;;;
Pyramid Turtle ;BLGG-EN053;Ultra Rare;Battles of Legend: Glorious Gallery;1st Edition;Ingles;;Yu-Gi-Oh;;;;https://tcgplayer-cdn.tcgplayer.com/product/695609_in_800x800.jpg
;;;Battles of Legend: Glorious Gallery;1st Edition;;;Yu-Gi-Oh;;;;
Substitoad ;BLGG-EN054;Ultra Rare;Battles of Legend: Glorious Gallery;1st Edition;Ingles;;Yu-Gi-Oh;;;;https://tcgplayer-cdn.tcgplayer.com/product/695610_in_800x800.jpg
;;;Battles of Legend: Glorious Gallery;1st Edition;;;Yu-Gi-Oh;;;;
Dupe Frog ;BLGG-EN055;Ultra Rare;Battles of Legend: Glorious Gallery;1st Edition;Ingles;;Yu-Gi-Oh;;;;https://tcgplayer-cdn.tcgplayer.com/product/695611_in_800x800.jpg
;;;Battles of Legend: Glorious Gallery;1st Edition;;;Yu-Gi-Oh;;;;
Sophia, Goddess of Rebirth ;BLGG-EN056;Ultra Rare;Battles of Legend: Glorious Gallery;1st Edition;Ingles;;Yu-Gi-Oh;;;;https://tcgplayer-cdn.tcgplayer.com/product/695612_in_800x800.jpg
;;;Battles of Legend: Glorious Gallery;1st Edition;;;Yu-Gi-Oh;;;;
Mermail Abyssgunde ;BLGG-EN057;Ultra Rare;Battles of Legend: Glorious Gallery;1st Edition;Ingles;;Yu-Gi-Oh;;;;https://tcgplayer-cdn.tcgplayer.com/product/695613_in_800x800.jpg
;;;Battles of Legend: Glorious Gallery;1st Edition;;;Yu-Gi-Oh;;;;
Ghost Fairy Elfobia ;BLGG-EN058;Ultra Rare;Battles of Legend: Glorious Gallery;1st Edition;Ingles;;Yu-Gi-Oh;;;;https://tcgplayer-cdn.tcgplayer.com/product/695614_in_800x800.jpg
;;;Battles of Legend: Glorious Gallery;1st Edition;;;Yu-Gi-Oh;;;;
Satellarknight Deneb ;BLGG-EN059;Secret Rare;Battles of Legend: Glorious Gallery;1st Edition;Ingles;;Yu-Gi-Oh;;;;https://tcgplayer-cdn.tcgplayer.com/product/695615_in_800x800.jpg
;;;Battles of Legend: Glorious Gallery;1st Edition;;;Yu-Gi-Oh;;;;
Satellarknight Altair ;BLGG-EN060;Secret Rare;Battles of Legend: Glorious Gallery;1st Edition;Ingles;;Yu-Gi-Oh;;;;https://tcgplayer-cdn.tcgplayer.com/product/695616_in_800x800.jpg
;;;Battles of Legend: Glorious Gallery;1st Edition;;;Yu-Gi-Oh;;;;
Shaddoll Dragon ;BLGG-EN061;Ultra Rare;Battles of Legend: Glorious Gallery;1st Edition;Ingles;;Yu-Gi-Oh;;;;https://tcgplayer-cdn.tcgplayer.com/product/695617_in_800x800.jpg
;;;Battles of Legend: Glorious Gallery;1st Edition;;;Yu-Gi-Oh;;;;
Scarm, Malebranche of the Burning Abyss ;BLGG-EN062;Ultra Rare;Battles of Legend: Glorious Gallery;1st Edition;Ingles;;Yu-Gi-Oh;;;;https://tcgplayer-cdn.tcgplayer.com/product/695618_in_800x800.jpg
;;;Battles of Legend: Glorious Gallery;1st Edition;;;Yu-Gi-Oh;;;;
Graff, Malebranche of the Burning Abyss ;BLGG-EN063;Ultra Rare;Battles of Legend: Glorious Gallery;1st Edition;Ingles;;Yu-Gi-Oh;;;;https://tcgplayer-cdn.tcgplayer.com/product/695619_in_800x800.jpg
;;;Battles of Legend: Glorious Gallery;1st Edition;;;Yu-Gi-Oh;;;;
Cir, Malebranche of the Burning Abyss ;BLGG-EN064;Ultra Rare;Battles of Legend: Glorious Gallery;1st Edition;Ingles;;Yu-Gi-Oh;;;;https://tcgplayer-cdn.tcgplayer.com/product/695620_in_800x800.jpg
;;;Battles of Legend: Glorious Gallery;1st Edition;;;Yu-Gi-Oh;;;;
Majespecter Unicorn - Kirin ;BLGG-EN065;Ultra Rare;Battles of Legend: Glorious Gallery;1st Edition;Ingles;;Yu-Gi-Oh;;;;https://tcgplayer-cdn.tcgplayer.com/product/695621_in_800x800.jpg
;;;Battles of Legend: Glorious Gallery;1st Edition;;;Yu-Gi-Oh;;;;
Zap Mustung ;BLGG-EN066;Ultra Rare;Battles of Legend: Glorious Gallery;1st Edition;Ingles;;Yu-Gi-Oh;;;;https://tcgplayer-cdn.tcgplayer.com/product/695622_in_800x800.jpg
;;;Battles of Legend: Glorious Gallery;1st Edition;;;Yu-Gi-Oh;;;;
Fairy Tail - Snow ;BLGG-EN067;Ultra Rare;Battles of Legend: Glorious Gallery;1st Edition;Ingles;;Yu-Gi-Oh;;;;https://tcgplayer-cdn.tcgplayer.com/product/695623_in_800x800.jpg
;;;Battles of Legend: Glorious Gallery;1st Edition;;;Yu-Gi-Oh;;;;
Red Nova ;BLGG-EN068;Ultra Rare;Battles of Legend: Glorious Gallery;1st Edition;Ingles;;Yu-Gi-Oh;;;;https://tcgplayer-cdn.tcgplayer.com/product/695624_in_800x800.jpg
;;;Battles of Legend: Glorious Gallery;1st Edition;;;Yu-Gi-Oh;;;;
Fairy Tail - Sleeper ;BLGG-EN069;Ultra Rare;Battles of Legend: Glorious Gallery;1st Edition;Ingles;;Yu-Gi-Oh;;;;https://tcgplayer-cdn.tcgplayer.com/product/695625_in_800x800.jpg
;;;Battles of Legend: Glorious Gallery;1st Edition;;;Yu-Gi-Oh;;;;
Fairy Tail - Rella ;BLGG-EN070;Ultra Rare;Battles of Legend: Glorious Gallery;1st Edition;Ingles;;Yu-Gi-Oh;;;;https://tcgplayer-cdn.tcgplayer.com/product/695626_in_800x800.jpg
;;;Battles of Legend: Glorious Gallery;1st Edition;;;Yu-Gi-Oh;;;;
Condemned Witch ;BLGG-EN071;Ultra Rare;Battles of Legend: Glorious Gallery;1st Edition;Ingles;;Yu-Gi-Oh;;;;https://tcgplayer-cdn.tcgplayer.com/product/695627_in_800x800.jpg
;;;Battles of Legend: Glorious Gallery;1st Edition;;;Yu-Gi-Oh;;;;
Silverrokket Dragon ;BLGG-EN072;Ultra Rare;Battles of Legend: Glorious Gallery;1st Edition;Ingles;;Yu-Gi-Oh;;;;https://tcgplayer-cdn.tcgplayer.com/product/695628_in_800x800.jpg
;;;Battles of Legend: Glorious Gallery;1st Edition;;;Yu-Gi-Oh;;;;
Rokket Recharger ;BLGG-EN073;Ultra Rare;Battles of Legend: Glorious Gallery;1st Edition;Ingles;;Yu-Gi-Oh;;;;https://tcgplayer-cdn.tcgplayer.com/product/695629_in_800x800.jpg
;;;Battles of Legend: Glorious Gallery;1st Edition;;;Yu-Gi-Oh;;;;
Reeshaddoll Wendi ;BLGG-EN074;Secret Rare;Battles of Legend: Glorious Gallery;1st Edition;Ingles;;Yu-Gi-Oh;;;;https://tcgplayer-cdn.tcgplayer.com/product/695630_in_800x800.jpg
;;;Battles of Legend: Glorious Gallery;1st Edition;;;Yu-Gi-Oh;;;;
Dragunity Legatus ;BLGG-EN075;Secret Rare;Battles of Legend: Glorious Gallery;1st Edition;Ingles;;Yu-Gi-Oh;;;;https://tcgplayer-cdn.tcgplayer.com/product/695631_in_800x800.jpg
;;;Battles of Legend: Glorious Gallery;1st Edition;;;Yu-Gi-Oh;;;;
Dragunity Remus ;BLGG-EN076;Secret Rare;Battles of Legend: Glorious Gallery;1st Edition;Ingles;;Yu-Gi-Oh;;;;https://tcgplayer-cdn.tcgplayer.com/product/695632_in_800x800.jpg
;;;Battles of Legend: Glorious Gallery;1st Edition;;;Yu-Gi-Oh;;;;
S-Force Rappa Chiyomaru ;BLGG-EN077;Ultra Rare;Battles of Legend: Glorious Gallery;1st Edition;Ingles;;Yu-Gi-Oh;;;;https://tcgplayer-cdn.tcgplayer.com/product/695633_in_800x800.jpg
;;;Battles of Legend: Glorious Gallery;1st Edition;;;Yu-Gi-Oh;;;;
Fairy Tail - Rochka ;BLGG-EN078;Ultra Rare;Battles of Legend: Glorious Gallery;1st Edition;Ingles;;Yu-Gi-Oh;;;;https://tcgplayer-cdn.tcgplayer.com/product/695634_in_800x800.jpg
;;;Battles of Legend: Glorious Gallery;1st Edition;;;Yu-Gi-Oh;;;;
Exosister Martha ;BLGG-EN079;Ultra Rare;Battles of Legend: Glorious Gallery;1st Edition;Ingles;;Yu-Gi-Oh;;;;https://tcgplayer-cdn.tcgplayer.com/product/695635_in_800x800.jpg
;;;Battles of Legend: Glorious Gallery;1st Edition;;;Yu-Gi-Oh;;;;
Xeno Meteorus ;BLGG-EN080;Ultra Rare;Battles of Legend: Glorious Gallery;1st Edition;Ingles;;Yu-Gi-Oh;;;;https://tcgplayer-cdn.tcgplayer.com/product/695636_in_800x800.jpg
;;;Battles of Legend: Glorious Gallery;1st Edition;;;Yu-Gi-Oh;;;;
Lacrima the Crimson Tears ;BLGG-EN081;Ultra Rare;Battles of Legend: Glorious Gallery;1st Edition;Ingles;;Yu-Gi-Oh;;;;https://tcgplayer-cdn.tcgplayer.com/product/695637_in_800x800.jpg
;;;Battles of Legend: Glorious Gallery;1st Edition;;;Yu-Gi-Oh;;;;
El Shaddoll Shekhinaga ;BLGG-EN082;Ultra Rare;Battles of Legend: Glorious Gallery;1st Edition;Ingles;;Yu-Gi-Oh;;;;https://tcgplayer-cdn.tcgplayer.com/product/695638_in_800x800.jpg
;;;Battles of Legend: Glorious Gallery;1st Edition;;;Yu-Gi-Oh;;;;
El Shaddoll Anoyatyllis ;BLGG-EN083;Ultra Rare;Battles of Legend: Glorious Gallery;1st Edition;Ingles;;Yu-Gi-Oh;;;;https://tcgplayer-cdn.tcgplayer.com/product/695639_in_800x800.jpg
;;;Battles of Legend: Glorious Gallery;1st Edition;;;Yu-Gi-Oh;;;;
Invoked Caliga ;BLGG-EN084;Ultra Rare;Battles of Legend: Glorious Gallery;1st Edition;Ingles;;Yu-Gi-Oh;;;;https://tcgplayer-cdn.tcgplayer.com/product/695640_in_800x800.jpg
;;;Battles of Legend: Glorious Gallery;1st Edition;;;Yu-Gi-Oh;;;;
Invoked Raidjin ;BLGG-EN085;Ultra Rare;Battles of Legend: Glorious Gallery;1st Edition;Ingles;;Yu-Gi-Oh;;;;https://tcgplayer-cdn.tcgplayer.com/product/695641_in_800x800.jpg
;;;Battles of Legend: Glorious Gallery;1st Edition;;;Yu-Gi-Oh;;;;
Invoked Purgatrio ;BLGG-EN086;Ultra Rare;Battles of Legend: Glorious Gallery;1st Edition;Ingles;;Yu-Gi-Oh;;;;https://tcgplayer-cdn.tcgplayer.com/product/695642_in_800x800.jpg
;;;Battles of Legend: Glorious Gallery;1st Edition;;;Yu-Gi-Oh;;;;
Invoked Augoeides ;BLGG-EN087;Ultra Rare;Battles of Legend: Glorious Gallery;1st Edition;Ingles;;Yu-Gi-Oh;;;;https://tcgplayer-cdn.tcgplayer.com/product/695643_in_800x800.jpg
;;;Battles of Legend: Glorious Gallery;1st Edition;;;Yu-Gi-Oh;;;;
Queen of Thorns ;BLGG-EN088;Ultra Rare;Battles of Legend: Glorious Gallery;1st Edition;Ingles;;Yu-Gi-Oh;;;;https://tcgplayer-cdn.tcgplayer.com/product/695644_in_800x800.jpg
;;;Battles of Legend: Glorious Gallery;1st Edition;;;Yu-Gi-Oh;;;;
Black Brutdrago ;BLGG-EN089;Ultra Rare;Battles of Legend: Glorious Gallery;1st Edition;Ingles;;Yu-Gi-Oh;;;;https://tcgplayer-cdn.tcgplayer.com/product/695645_in_800x800.jpg
;;;Battles of Legend: Glorious Gallery;1st Edition;;;Yu-Gi-Oh;;;;
Armades, Keeper of Boundaries ;BLGG-EN090;Secret Rare;Battles of Legend: Glorious Gallery;1st Edition;Ingles;;Yu-Gi-Oh;;;;https://tcgplayer-cdn.tcgplayer.com/product/695646_in_800x800.jpg
;;;Battles of Legend: Glorious Gallery;1st Edition;;;Yu-Gi-Oh;;;;
Armades, Keeper of Boundaries (Starlight Rare) ;BLGG-EN090;Starlight Rare;Battles of Legend: Glorious Gallery;1st Edition;Ingles;;Yu-Gi-Oh;;;;https://tcgplayer-cdn.tcgplayer.com/product/696501_in_800x800.jpg
;;;Battles of Legend: Glorious Gallery;1st Edition;;;Yu-Gi-Oh;;;;
Dragunity Knight - Ascalon ;BLGG-EN091;Secret Rare;Battles of Legend: Glorious Gallery;1st Edition;Ingles;;Yu-Gi-Oh;;;;https://tcgplayer-cdn.tcgplayer.com/product/695647_in_800x800.jpg
;;;Battles of Legend: Glorious Gallery;1st Edition;;;Yu-Gi-Oh;;;;
Shooting Majestic Star Dragon ;BLGG-EN092;Secret Rare;Battles of Legend: Glorious Gallery;1st Edition;Ingles;;Yu-Gi-Oh;;;;https://tcgplayer-cdn.tcgplayer.com/product/695648_in_800x800.jpg
;;;Battles of Legend: Glorious Gallery;1st Edition;;;Yu-Gi-Oh;;;;
Zoroa, the Magistus Conflagrant Calamity ;BLGG-EN093;Ultra Rare;Battles of Legend: Glorious Gallery;1st Edition;Ingles;;Yu-Gi-Oh;;;;https://tcgplayer-cdn.tcgplayer.com/product/695649_in_800x800.jpg
;;;Battles of Legend: Glorious Gallery;1st Edition;;;Yu-Gi-Oh;;;;
Tiras, Keeper of Genesis ;BLGG-EN094;Secret Rare;Battles of Legend: Glorious Gallery;1st Edition;Ingles;;Yu-Gi-Oh;;;;https://tcgplayer-cdn.tcgplayer.com/product/695650_in_800x800.jpg
;;;Battles of Legend: Glorious Gallery;1st Edition;;;Yu-Gi-Oh;;;;
Tiras, Keeper of Genesis (Starlight Rare) ;BLGG-EN094;Starlight Rare;Battles of Legend: Glorious Gallery;1st Edition;Ingles;;Yu-Gi-Oh;;;;https://tcgplayer-cdn.tcgplayer.com/product/696644_in_800x800.jpg
;;;Battles of Legend: Glorious Gallery;1st Edition;;;Yu-Gi-Oh;;;;
Constellar Pleiades ;BLGG-EN095;Ultra Rare;Battles of Legend: Glorious Gallery;1st Edition;Ingles;;Yu-Gi-Oh;;;;https://tcgplayer-cdn.tcgplayer.com/product/695651_in_800x800.jpg
;;;Battles of Legend: Glorious Gallery;1st Edition;;;Yu-Gi-Oh;;;;
Adreus, Keeper of Armageddon ;BLGG-EN096;Secret Rare;Battles of Legend: Glorious Gallery;1st Edition;Ingles;;Yu-Gi-Oh;;;;https://tcgplayer-cdn.tcgplayer.com/product/695652_in_800x800.jpg
;;;Battles of Legend: Glorious Gallery;1st Edition;;;Yu-Gi-Oh;;;;
Adreus, Keeper of Armageddon (Starlight Rare) ;BLGG-EN096;Starlight Rare;Battles of Legend: Glorious Gallery;1st Edition;Ingles;;Yu-Gi-Oh;;;;https://tcgplayer-cdn.tcgplayer.com/product/696461_in_800x800.jpg
;;;Battles of Legend: Glorious Gallery;1st Edition;;;Yu-Gi-Oh;;;;
Queen Dragun Djinn ;BLGG-EN097;Secret Rare;Battles of Legend: Glorious Gallery;1st Edition;Ingles;;Yu-Gi-Oh;;;;https://tcgplayer-cdn.tcgplayer.com/product/695653_in_800x800.jpg
;;;Battles of Legend: Glorious Gallery;1st Edition;;;Yu-Gi-Oh;;;;
Stellarknight Triverr ;BLGG-EN098;Secret Rare;Battles of Legend: Glorious Gallery;1st Edition;Ingles;;Yu-Gi-Oh;;;;https://tcgplayer-cdn.tcgplayer.com/product/695654_in_800x800.jpg
;;;Battles of Legend: Glorious Gallery;1st Edition;;;Yu-Gi-Oh;;;;
Raider's Knight ;BLGG-EN099;Secret Rare;Battles of Legend: Glorious Gallery;1st Edition;Ingles;;Yu-Gi-Oh;;;;https://tcgplayer-cdn.tcgplayer.com/product/695655_in_800x800.jpg
;;;Battles of Legend: Glorious Gallery;1st Edition;;;Yu-Gi-Oh;;;;
Arc Rebellion Xyz Dragon ;BLGG-EN100;Ultra Rare;Battles of Legend: Glorious Gallery;1st Edition;Ingles;;Yu-Gi-Oh;;;;https://tcgplayer-cdn.tcgplayer.com/product/695656_in_800x800.jpg
;;;Battles of Legend: Glorious Gallery;1st Edition;;;Yu-Gi-Oh;;;;
Galaxy-Eyes Cipher X Dragon ;BLGG-EN101;Secret Rare;Battles of Legend: Glorious Gallery;1st Edition;Ingles;;Yu-Gi-Oh;;;;https://tcgplayer-cdn.tcgplayer.com/product/695657_in_800x800.jpg
;;;Battles of Legend: Glorious Gallery;1st Edition;;;Yu-Gi-Oh;;;;
Barricadeborg Blocker ;BLGG-EN102;Ultra Rare;Battles of Legend: Glorious Gallery;1st Edition;Ingles;;Yu-Gi-Oh;;;;https://tcgplayer-cdn.tcgplayer.com/product/695658_in_800x800.jpg
;;;Battles of Legend: Glorious Gallery;1st Edition;;;Yu-Gi-Oh;;;;
Fiendsmith's Requiem ;BLGG-EN103;Ultra Rare;Battles of Legend: Glorious Gallery;1st Edition;Ingles;;Yu-Gi-Oh;;;;https://tcgplayer-cdn.tcgplayer.com/product/695659_in_800x800.jpg
;;;Battles of Legend: Glorious Gallery;1st Edition;;;Yu-Gi-Oh;;;;
Card Destruction ;BLGG-EN104;Ultra Rare;Battles of Legend: Glorious Gallery;1st Edition;Ingles;;Yu-Gi-Oh;;;;https://tcgplayer-cdn.tcgplayer.com/product/695660_in_800x800.jpg
;;;Battles of Legend: Glorious Gallery;1st Edition;;;Yu-Gi-Oh;;;;
Gateway of the Six ;BLGG-EN105;Ultra Rare;Battles of Legend: Glorious Gallery;1st Edition;Ingles;;Yu-Gi-Oh;;;;https://tcgplayer-cdn.tcgplayer.com/product/695661_in_800x800.jpg
;;;Battles of Legend: Glorious Gallery;1st Edition;;;Yu-Gi-Oh;;;;
Dragon Ravine ;BLGG-EN106;Ultra Rare;Battles of Legend: Glorious Gallery;1st Edition;Ingles;;Yu-Gi-Oh;;;;https://tcgplayer-cdn.tcgplayer.com/product/695662_in_800x800.jpg
;;;Battles of Legend: Glorious Gallery;1st Edition;;;Yu-Gi-Oh;;;;
Asceticism of the Six Samurai ;BLGG-EN107;Ultra Rare;Battles of Legend: Glorious Gallery;1st Edition;Ingles;Near Mint;Yu-Gi-Oh;1;1;VERDADERO;https://i.postimg.cc/9f9xPTYc/695663-in-800x800.jpg
;;;Battles of Legend: Glorious Gallery;1st Edition;;;Yu-Gi-Oh;;;;
Shared Ride ;BLGG-EN108;Ultra Rare;Battles of Legend: Glorious Gallery;1st Edition;Ingles;;Yu-Gi-Oh;;;;https://tcgplayer-cdn.tcgplayer.com/product/695664_in_800x800.jpg
;;;Battles of Legend: Glorious Gallery;1st Edition;;;Yu-Gi-Oh;;;;
Bond Between Teacher and Student ;BLGG-EN109;Secret Rare;Battles of Legend: Glorious Gallery;1st Edition;Ingles;;Yu-Gi-Oh;;;;https://tcgplayer-cdn.tcgplayer.com/product/695665_in_800x800.jpg
;;;Battles of Legend: Glorious Gallery;1st Edition;;;Yu-Gi-Oh;;;;
Satellarknight Skybridge ;BLGG-EN110;Ultra Rare;Battles of Legend: Glorious Gallery;1st Edition;Ingles;;Yu-Gi-Oh;;;;https://tcgplayer-cdn.tcgplayer.com/product/695666_in_800x800.jpg
;;;Battles of Legend: Glorious Gallery;1st Edition;;;Yu-Gi-Oh;;;;
Shaddoll Fusion ;BLGG-EN111;Ultra Rare;Battles of Legend: Glorious Gallery;1st Edition;Ingles;;Yu-Gi-Oh;;;;https://tcgplayer-cdn.tcgplayer.com/product/695667_in_800x800.jpg
;;;Battles of Legend: Glorious Gallery;1st Edition;;;Yu-Gi-Oh;;;;
El Shaddoll Fusion ;BLGG-EN112;Secret Rare;Battles of Legend: Glorious Gallery;1st Edition;Ingles;;Yu-Gi-Oh;;;;https://tcgplayer-cdn.tcgplayer.com/product/695668_in_800x800.jpg
;;;Battles of Legend: Glorious Gallery;1st Edition;;;Yu-Gi-Oh;;;;
Dragunity Divine Lance ;BLGG-EN113;Ultra Rare;Battles of Legend: Glorious Gallery;1st Edition;Ingles;;Yu-Gi-Oh;;;;https://tcgplayer-cdn.tcgplayer.com/product/695669_in_800x800.jpg
;;;Battles of Legend: Glorious Gallery;1st Edition;;;Yu-Gi-Oh;;;;
Mistaken Arrest ;BLGG-EN114;Ultra Rare;Battles of Legend: Glorious Gallery;1st Edition;Ingles;;Yu-Gi-Oh;;;;https://tcgplayer-cdn.tcgplayer.com/product/695670_in_800x800.jpg
;;;Battles of Legend: Glorious Gallery;1st Edition;;;Yu-Gi-Oh;;;;
Mistaken Arrest (Starlight Rare) ;BLGG-EN114;Starlight Rare;Battles of Legend: Glorious Gallery;1st Edition;Ingles;;Yu-Gi-Oh;;;;https://tcgplayer-cdn.tcgplayer.com/product/695671_in_800x800.jpg
;;;Battles of Legend: Glorious Gallery;1st Edition;;;Yu-Gi-Oh;;;;
The Hidden City ;BLGG-EN115;Ultra Rare;Battles of Legend: Glorious Gallery;1st Edition;Ingles;;Yu-Gi-Oh;;;;https://tcgplayer-cdn.tcgplayer.com/product/695672_in_800x800.jpg
;;;Battles of Legend: Glorious Gallery;1st Edition;;;Yu-Gi-Oh;;;;
Mayhem Fur Hire ;BLGG-EN116;Ultra Rare;Battles of Legend: Glorious Gallery;1st Edition;Ingles;;Yu-Gi-Oh;;;;https://tcgplayer-cdn.tcgplayer.com/product/695673_in_800x800.jpg
;;;Battles of Legend: Glorious Gallery;1st Edition;;;Yu-Gi-Oh;;;;
Mayhem Fur Hire (Starlight Rare) ;BLGG-EN116;Starfoil Rare;Battles of Legend: Glorious Gallery;1st Edition;Ingles;;Yu-Gi-Oh;;;;https://tcgplayer-cdn.tcgplayer.com/product/696518_in_800x800.jpg
;;;Battles of Legend: Glorious Gallery;1st Edition;;;Yu-Gi-Oh;;;;
Dragunity Glow ;BLGG-EN117;Secret Rare;Battles of Legend: Glorious Gallery;1st Edition;Ingles;;Yu-Gi-Oh;;;;https://tcgplayer-cdn.tcgplayer.com/product/695674_in_800x800.jpg
;;;Battles of Legend: Glorious Gallery;1st Edition;;;Yu-Gi-Oh;;;;
S-Force Bridgehead ;BLGG-EN118;Ultra Rare;Battles of Legend: Glorious Gallery;1st Edition;Ingles;;Yu-Gi-Oh;;;;https://tcgplayer-cdn.tcgplayer.com/product/695675_in_800x800.jpg
;;;Battles of Legend: Glorious Gallery;1st Edition;;;Yu-Gi-Oh;;;;
Arrive in Light ;BLGG-EN119;Ultra Rare;Battles of Legend: Glorious Gallery;1st Edition;Ingles;;Yu-Gi-Oh;;;;https://tcgplayer-cdn.tcgplayer.com/product/695676_in_800x800.jpg
;;;Battles of Legend: Glorious Gallery;1st Edition;;;Yu-Gi-Oh;;;;
Stardust Illumination ;BLGG-EN120;Secret Rare;Battles of Legend: Glorious Gallery;1st Edition;Ingles;;Yu-Gi-Oh;;;;https://tcgplayer-cdn.tcgplayer.com/product/695677_in_800x800.jpg
;;;Battles of Legend: Glorious Gallery;1st Edition;;;Yu-Gi-Oh;;;;
Gravekeeper's Inscription ;BLGG-EN121;Ultra Rare;Battles of Legend: Glorious Gallery;1st Edition;Ingles;;Yu-Gi-Oh;;;;https://tcgplayer-cdn.tcgplayer.com/product/695678_in_800x800.jpg
;;;Battles of Legend: Glorious Gallery;1st Edition;;;Yu-Gi-Oh;;;;
Constellar Tellarknights ;BLGG-EN122;Ultra Rare;Battles of Legend: Glorious Gallery;1st Edition;Ingles;;Yu-Gi-Oh;;;;https://tcgplayer-cdn.tcgplayer.com/product/695679_in_800x800.jpg
;;;Battles of Legend: Glorious Gallery;1st Edition;;;Yu-Gi-Oh;;;;
Ground Xeno ;BLGG-EN123;Secret Rare;Battles of Legend: Glorious Gallery;1st Edition;Ingles;;Yu-Gi-Oh;;;;https://tcgplayer-cdn.tcgplayer.com/product/695680_in_800x800.jpg
;;;Battles of Legend: Glorious Gallery;1st Edition;;;Yu-Gi-Oh;;;;
Beta Evolution Pill - Ultranscendance ;BLGG-EN124;Ultra Rare;Battles of Legend: Glorious Gallery;1st Edition;Ingles;;Yu-Gi-Oh;;;;https://tcgplayer-cdn.tcgplayer.com/product/695681_in_800x800.jpg
;;;Battles of Legend: Glorious Gallery;1st Edition;;;Yu-Gi-Oh;;;;
Fiendsmith's Tract ;BLGG-EN125;Ultra Rare;Battles of Legend: Glorious Gallery;1st Edition;Ingles;;Yu-Gi-Oh;;;;https://tcgplayer-cdn.tcgplayer.com/product/695682_in_800x800.jpg
;;;Battles of Legend: Glorious Gallery;1st Edition;;;Yu-Gi-Oh;;;;
Seventh Tachyon ;BLGG-EN126;Ultra Rare;Battles of Legend: Glorious Gallery;1st Edition;Ingles;;Yu-Gi-Oh;;;;https://tcgplayer-cdn.tcgplayer.com/product/695683_in_800x800.jpg
;;;Battles of Legend: Glorious Gallery;1st Edition;;;Yu-Gi-Oh;;;;
Seventh Tachyon (Starlight Rare) ;BLGG-EN126;Starlight Rare;Battles of Legend: Glorious Gallery;1st Edition;Ingles;;Yu-Gi-Oh;;;;https://tcgplayer-cdn.tcgplayer.com/product/696513_in_800x800.jpg
;;;Battles of Legend: Glorious Gallery;1st Edition;;;Yu-Gi-Oh;;;;
Theorealize ;BLGG-EN127;Ultra Rare;Battles of Legend: Glorious Gallery;1st Edition;Ingles;;Yu-Gi-Oh;;;;https://tcgplayer-cdn.tcgplayer.com/product/695684_in_800x800.jpg
;;;Battles of Legend: Glorious Gallery;1st Edition;;;Yu-Gi-Oh;;;;
Theorealize Overdrive ;BLGG-EN128;Ultra Rare;Battles of Legend: Glorious Gallery;1st Edition;Ingles;;Yu-Gi-Oh;;;;https://tcgplayer-cdn.tcgplayer.com/product/695685_in_800x800.jpg
;;;Battles of Legend: Glorious Gallery;1st Edition;;;Yu-Gi-Oh;;;;
Theorealize Liberation ;BLGG-EN129;Ultra Rare;Battles of Legend: Glorious Gallery;1st Edition;Ingles;;Yu-Gi-Oh;;;;https://tcgplayer-cdn.tcgplayer.com/product/695686_in_800x800.jpg
;;;Battles of Legend: Glorious Gallery;1st Edition;;;Yu-Gi-Oh;;;;
Exosister Betrayal ;BLGG-EN130;Ultra Rare;Battles of Legend: Glorious Gallery;1st Edition;Ingles;;Yu-Gi-Oh;;;;https://tcgplayer-cdn.tcgplayer.com/product/695687_in_800x800.jpg
;;;Battles of Legend: Glorious Gallery;1st Edition;;;Yu-Gi-Oh;;;;
Exosister Betrayal (Starlight Rare) ;BLGG-EN130;Starlight Rare;Battles of Legend: Glorious Gallery;1st Edition;Ingles;;Yu-Gi-Oh;;;;https://tcgplayer-cdn.tcgplayer.com/product/696508_in_800x800.jpg
;;;Battles of Legend: Glorious Gallery;1st Edition;;;Yu-Gi-Oh;;;;
Raigeki Break ;BLGG-EN131;Ultra Rare;Battles of Legend: Glorious Gallery;1st Edition;Ingles;;Yu-Gi-Oh;;;;https://tcgplayer-cdn.tcgplayer.com/product/695688_in_800x800.jpg
;;;Battles of Legend: Glorious Gallery;1st Edition;;;Yu-Gi-Oh;;;;
Statue of Anguish Pattern ;BLGG-EN132;Ultra Rare;Battles of Legend: Glorious Gallery;1st Edition;Ingles;;Yu-Gi-Oh;;;;https://tcgplayer-cdn.tcgplayer.com/product/695689_in_800x800.jpg
;;;Battles of Legend: Glorious Gallery;1st Edition;;;Yu-Gi-Oh;;;;
Witch's Strike ;BLGG-EN133;Ultra Rare;Battles of Legend: Glorious Gallery;1st Edition;Ingles;;Yu-Gi-Oh;;;;https://tcgplayer-cdn.tcgplayer.com/product/695690_in_800x800.jpg
;;;Battles of Legend: Glorious Gallery;1st Edition;;;Yu-Gi-Oh;;;;
Resh Shaddoll Incarnation ;BLGG-EN134;Ultra Rare;Battles of Legend: Glorious Gallery;1st Edition;Ingles;;Yu-Gi-Oh;;;;https://tcgplayer-cdn.tcgplayer.com/product/695691_in_800x800.jpg
;;;Battles of Legend: Glorious Gallery;1st Edition;;;Yu-Gi-Oh;;;;
Unbreakable Xyz Barrier ;BLGG-EN135;Ultra Rare;Battles of Legend: Glorious Gallery;1st Edition;Ingles;;Yu-Gi-Oh;;;;https://tcgplayer-cdn.tcgplayer.com/product/695692_in_800x800.jpg
;;;Battles of Legend: Glorious Gallery;1st Edition;;;Yu-Gi-Oh;;;;
Dracotail Sting ;BLGG-EN136;Ultra Rare;Battles of Legend: Glorious Gallery;1st Edition;Ingles;;Yu-Gi-Oh;;;;https://tcgplayer-cdn.tcgplayer.com/product/695693_in_800x800.jpg
;;;Battles of Legend: Glorious Gallery;1st Edition;;;Yu-Gi-Oh;;;;
Dragon Master Magia ;BLGG-EN137;Ultra Rare;Battles of Legend: Glorious Gallery;1st Edition;Ingles;;Yu-Gi-Oh;;;;https://tcgplayer-cdn.tcgplayer.com/product/695694_in_800x800.jpg
;;;Battles of Legend: Glorious Gallery;1st Edition;;;Yu-Gi-Oh;;;;
Dragon Master Magia (Starlight Rare) ;BLGG-EN137;Starlight Rare;Battles of Legend: Glorious Gallery;1st Edition;Ingles;;Yu-Gi-Oh;;;;https://tcgplayer-cdn.tcgplayer.com/product/695695_in_800x800.jpg
;;;Battles of Legend: Glorious Gallery;1st Edition;;;Yu-Gi-Oh;;;;
Chimeratech Megafleet Dragon ;BLGG-EN138;Ultra Rare;Battles of Legend: Glorious Gallery;1st Edition;Ingles;;Yu-Gi-Oh;;;;https://tcgplayer-cdn.tcgplayer.com/product/695696_in_800x800.jpg
;;;Battles of Legend: Glorious Gallery;1st Edition;;;Yu-Gi-Oh;;;;
Chimeratech Megafleet Dragon (Starlight Rare) ;BLGG-EN138;Starlight Rare;Battles of Legend: Glorious Gallery;1st Edition;Ingles;;Yu-Gi-Oh;;;;https://tcgplayer-cdn.tcgplayer.com/product/695697_in_800x800.jpg
;;;Battles of Legend: Glorious Gallery;1st Edition;;;Yu-Gi-Oh;;;;
Red Supernova Dragon ;BLGG-EN139;Ultra Rare;Battles of Legend: Glorious Gallery;1st Edition;Ingles;;Yu-Gi-Oh;;;;https://tcgplayer-cdn.tcgplayer.com/product/695698_in_800x800.jpg
;;;Battles of Legend: Glorious Gallery;1st Edition;;;Yu-Gi-Oh;;;;
Red Supernova Dragon (Starlight Rare) ;BLGG-EN139;Starlight Rare;Battles of Legend: Glorious Gallery;1st Edition;Ingles;;Yu-Gi-Oh;;;;https://tcgplayer-cdn.tcgplayer.com/product/695699_in_800x800.jpg
;;;Battles of Legend: Glorious Gallery;1st Edition;;;Yu-Gi-Oh;;;;
Number 62: Galaxy-Eyes Prime Photon Dragon ;BLGG-EN140;Ultra Rare;Battles of Legend: Glorious Gallery;1st Edition;Ingles;;Yu-Gi-Oh;;;;https://tcgplayer-cdn.tcgplayer.com/product/695700_in_800x800.jpg
;;;Battles of Legend: Glorious Gallery;1st Edition;;;Yu-Gi-Oh;;;;
Number 62: Galaxy-Eyes Prime Photon Dragon (Starlight Rare) ;BLGG-EN140;Starlight Rare;Battles of Legend: Glorious Gallery;1st Edition;Ingles;;Yu-Gi-Oh;;;;https://tcgplayer-cdn.tcgplayer.com/product/695701_in_800x800.jpg
;;;Battles of Legend: Glorious Gallery;1st Edition;;;Yu-Gi-Oh;;;;
Supreme King Z-ARC ;BLGG-EN141;Ultra Rare;Battles of Legend: Glorious Gallery;1st Edition;Ingles;;Yu-Gi-Oh;;;;https://tcgplayer-cdn.tcgplayer.com/product/695702_in_800x800.jpg
;;;Battles of Legend: Glorious Gallery;1st Edition;;;Yu-Gi-Oh;;;;
Supreme King Z-ARC (Starlight Rare) ;BLGG-EN141;Starlight Rare;Battles of Legend: Glorious Gallery;1st Edition;Ingles;;Yu-Gi-Oh;;;;https://tcgplayer-cdn.tcgplayer.com/product/695703_in_800x800.jpg
;;;Battles of Legend: Glorious Gallery;1st Edition;;;Yu-Gi-Oh;;;;
Borrelend Dragon ;BLGG-EN142;Ultra Rare;Battles of Legend: Glorious Gallery;1st Edition;Ingles;;Yu-Gi-Oh;;;;https://tcgplayer-cdn.tcgplayer.com/product/695704_in_800x800.jpg
;;;Battles of Legend: Glorious Gallery;1st Edition;;;Yu-Gi-Oh;;;;
Borrelend Dragon (Starlight Rare) ;BLGG-EN142;Starlight Rare;Battles of Legend: Glorious Gallery;1st Edition;Ingles;;Yu-Gi-Oh;;;;https://www.tradingcardmint.com/wp-content/uploads/2026/06/BLGG-EN142S-Borrelend-Dragon-Starlight-Rare.jpg
;;;Battles of Legend: Glorious Gallery;1st Edition;;;Yu-Gi-Oh;;;;
Chaos Angel ;BLGG-EN143;Ultra Rare;Battles of Legend: Glorious Gallery;1st Edition;Ingles;;Yu-Gi-Oh;;;;https://tcgplayer-cdn.tcgplayer.com/product/695706_in_800x800.jpg
;;;Battles of Legend: Glorious Gallery;1st Edition;;;Yu-Gi-Oh;;;;
Chaos Angel (Starlight Rare) ;BLGG-EN143;Starlight Rare;Battles of Legend: Glorious Gallery;1st Edition;Ingles;;Yu-Gi-Oh;;;;https://tcgplayer-cdn.tcgplayer.com/product/695707_in_800x800.jpg
;;;Battles of Legend: Glorious Gallery;1st Edition;;;Yu-Gi-Oh;;;;
Underworld Goddess of the Closed World ;BLGG-EN144;Ultra Rare;Battles of Legend: Glorious Gallery;1st Edition;Ingles;;Yu-Gi-Oh;;;;https://tcgplayer-cdn.tcgplayer.com/product/695708_in_800x800.jpg
;;;Battles of Legend: Glorious Gallery;1st Edition;;;Yu-Gi-Oh;;;;
Underworld Goddess of the Closed World (Starlight Rare) ;BLGG-EN144;Starlight Rare;Battles of Legend: Glorious Gallery;1st Edition;Ingles;;Yu-Gi-Oh;;;;https://tcgplayer-cdn.tcgplayer.com/product/695709_in_800x800.jpg
;;;Battles of Legend: Glorious Gallery;1st Edition;;;Yu-Gi-Oh;;;;
Spirit Charmers ;BLGG-EN145;Ultra Rare;Battles of Legend: Glorious Gallery;1st Edition;Ingles;;Yu-Gi-Oh;;;;https://tcgplayer-cdn.tcgplayer.com/product/695710_in_800x800.jpg
;;;Battles of Legend: Glorious Gallery;1st Edition;;;Yu-Gi-Oh;;;;
Spirit Charmers (Starlight Rare) ;BLGG-EN145;Starlight Rare;Battles of Legend: Glorious Gallery;1st Edition;Ingles;;Yu-Gi-Oh;;;;https://tcgplayer-cdn.tcgplayer.com/product/695711_in_800x800.jpg
;;;Battles of Legend: Glorious Gallery;1st Edition;;;Yu-Gi-Oh;;;;
Dominus Impulse ;BLGG-EN146;Ultra Rare;Battles of Legend: Glorious Gallery;1st Edition;Ingles;;Yu-Gi-Oh;;;;https://tcgplayer-cdn.tcgplayer.com/product/695712_in_800x800.jpg
;;;Battles of Legend: Glorious Gallery;1st Edition;;;Yu-Gi-Oh;;;;
Dominus Impulse (Starlight Rare) ;BLGG-EN146;Starlight Rare;Battles of Legend: Glorious Gallery;1st Edition;Ingles;;Yu-Gi-Oh;;;;https://tcgplayer-cdn.tcgplayer.com/product/695713_in_800x800.jpg
